{"stats":{"minecraft:killed_by":{"minecraft:player":1,"minecraft:cave_spider":1,"minecraft:skeleton":1},"minecraft:killed":{"minecraft:skeleton":3,"minecraft:cave_spider":8,"minecraft:zombie":6,"minecraft:pig":5,"minecraft:spider":1,"minecraft:bat":3,"minecraft:cod":2,"minecraft:creeper":4,"minecraft:cow":3},"minecraft:custom":{"minecraft:time_since_rest":4388,"minecraft:interact_with_furnace":1,"minecraft:sprint_one_cm":57869,"minecraft:damage_taken":868,"minecraft:walk_one_cm":75633,"minecraft:mob_kills":35,"minecraft:damage_dealt":5664,"minecraft:swim_one_cm":625,"minecraft:interact_with_crafting_table":12,"minecraft:fly_one_cm":225394,"minecraft:play_one_minute":47700,"minecraft:crouch_one_cm":11383,"minecraft:deaths":3,"minecraft:sneak_time":5345,"minecraft:walk_under_water_one_cm":240,"minecraft:jump":386,"minecraft:leave_game":2,"minecraft:time_since_death":4310,"minecraft:walk_on_water_one_cm":2122,"minecraft:climb_one_cm":424,"minecraft:fall_one_cm":13074},"minecraft:mined":{"minecraft:iron_ore":31,"minecraft:crafting_table":1,"minecraft:granite":14,"minecraft:grass":1,"minecraft:grass_block":1,"minecraft:oak_log":13,"minecraft:rail":1,"minecraft:dirt":8,"minecraft:stone":144,"minecraft:oak_planks":5,"minecraft:oak_leaves":3,"minecraft:diorite":3},"minecraft:used":{"minecraft:wooden_axe":52,"minecraft:diorite":3,"minecraft:stone_pickaxe":78,"minecraft:iron_pickaxe":89,"minecraft:wooden_pickaxe":66,"minecraft:iron_sword":34,"minecraft:wooden_sword":25,"minecraft:beef":2,"minecraft:crafting_table":4,"minecraft:furnace":1,"minecraft:porkchop":1,"minecraft:granite":12},"minecraft:broken":{"minecraft:wooden_axe":1,"minecraft:wooden_pickaxe":1},"minecraft:crafted":{"minecraft:wooden_sword":1,"minecraft:oak_planks":64,"minecraft:crafting_table":3,"minecraft:stick":28,"minecraft:wooden_pickaxe":2,"minecraft:iron_pickaxe":1,"minecraft:stone_pickaxe":3,"minecraft:wooden_axe":3,"minecraft:furnace":1,"minecraft:iron_sword":1},"minecraft:picked_up":{"minecraft:crafting_table":1,"minecraft:leather":5,"minecraft:torch":10,"minecraft:wooden_pickaxe":1,"minecraft:porkchop":6,"minecraft:oak_log":18,"minecraft:diorite":3,"minecraft:gunpowder":2,"minecraft:lapis_lazuli":5,"minecraft:dirt":9,"minecraft:name_tag":1,"minecraft:pumpkin_seeds":7,"minecraft:arrow":1,"minecraft:rotten_flesh":1,"minecraft:activator_rail":9,"minecraft:wheat_seeds":1,"minecraft:detector_rail":3,"minecraft:iron_ingot":11,"minecraft:beef":3,"minecraft:granite":13,"minecraft:iron_ore":30,"minecraft:minecart":2,"minecraft:chest":2,"minecraft:oak_planks":10,"minecraft:rail":5,"minecraft:cobblestone":144}},"DataVersion":2586}