{"stats":{"minecraft:killed_by":{"minecraft:player":1,"minecraft:skeleton":1},"minecraft:killed":{"minecraft:skeleton":2,"minecraft:zombie":5,"minecraft:pig":4,"minecraft:spider":1,"minecraft:cod":2,"minecraft:creeper":4,"minecraft:cow":2},"minecraft:custom":{"minecraft:time_since_rest":17952,"minecraft:sprint_one_cm":42464,"minecraft:damage_taken":688,"minecraft:walk_one_cm":55327,"minecraft:mob_kills":20,"minecraft:damage_dealt":3748,"minecraft:swim_one_cm":625,"minecraft:interact_with_crafting_table":6,"minecraft:fly_one_cm":148192,"minecraft:crouch_one_cm":5939,"minecraft:play_one_minute":29807,"minecraft:deaths":2,"minecraft:sneak_time":3615,"minecraft:walk_under_water_one_cm":240,"minecraft:jump":233,"minecraft:leave_game":1,"minecraft:walk_on_water_one_cm":2046,"minecraft:time_since_death":17911,"minecraft:climb_one_cm":424,"minecraft:fall_one_cm":10175},"minecraft:mined":{"minecraft:iron_ore":23,"minecraft:granite":6,"minecraft:grass_block":1,"minecraft:oak_log":7,"minecraft:dirt":8,"minecraft:stone":63,"minecraft:oak_planks":5,"minecraft:diorite":3,"minecraft:oak_leaves":3},"minecraft:used":{"minecraft:wooden_axe":45,"minecraft:diorite":3,"minecraft:stone_pickaxe":55,"minecraft:wooden_pickaxe":63,"minecraft:wooden_sword":25,"minecraft:beef":2,"minecraft:crafting_table":2,"minecraft:porkchop":1,"minecraft:granite":6},"minecraft:broken":{"minecraft:wooden_axe":1,"minecraft:wooden_pickaxe":1},"minecraft:crafted":{"minecraft:wooden_sword":1,"minecraft:oak_planks":40,"minecraft:crafting_table":2,"minecraft:stick":20,"minecraft:wooden_pickaxe":1,"minecraft:stone_pickaxe":2,"minecraft:wooden_axe":2},"minecraft:picked_up":{"minecraft:leather":3,"minecraft:wooden_pickaxe":1,"minecraft:porkchop":5,"minecraft:oak_log":12,"minecraft:diorite":3,"minecraft:gunpowder":2,"minecraft:lapis_lazuli":5,"minecraft:dirt":9,"minecraft:name_tag":1,"minecraft:pumpkin_seeds":4,"minecraft:arrow":1,"minecraft:rotten_flesh":1,"minecraft:activator_rail":6,"minecraft:wheat_seeds":1,"minecraft:iron_ingot":5,"minecraft:beef":2,"minecraft:granite":6,"minecraft:iron_ore":22,"minecraft:minecart":1,"minecraft:chest":1,"minecraft:oak_planks":10,"minecraft:rail":4,"minecraft:cobblestone":63}},"DataVersion":2586}