{"stats":{"minecraft:killed_by":{"minecraft:player":1,"minecraft:skeleton":1},"minecraft:killed":{"minecraft:skeleton":1,"minecraft:zombie":1,"minecraft:pig":4,"minecraft:cod":2,"minecraft:creeper":3,"minecraft:cow":2},"minecraft:custom":{"minecraft:time_since_rest":5952,"minecraft:sprint_one_cm":39478,"minecraft:damage_taken":603,"minecraft:walk_one_cm":45183,"minecraft:mob_kills":13,"minecraft:damage_dealt":2047,"minecraft:swim_one_cm":625,"minecraft:interact_with_crafting_table":4,"minecraft:fly_one_cm":147983,"minecraft:crouch_one_cm":5546,"minecraft:play_one_minute":17807,"minecraft:deaths":2,"minecraft:sneak_time":3300,"minecraft:walk_under_water_one_cm":240,"minecraft:jump":216,"minecraft:leave_game":1,"minecraft:walk_on_water_one_cm":1400,"minecraft:time_since_death":5911,"minecraft:climb_one_cm":424,"minecraft:fall_one_cm":8251},"minecraft:mined":{"minecraft:iron_ore":23,"minecraft:granite":6,"minecraft:grass_block":1,"minecraft:oak_log":7,"minecraft:dirt":7,"minecraft:stone":52,"minecraft:diorite":3,"minecraft:oak_leaves":3},"minecraft:used":{"minecraft:wooden_axe":15,"minecraft:stone_pickaxe":29,"minecraft:wooden_pickaxe":63,"minecraft:wooden_sword":25,"minecraft:beef":2,"minecraft:crafting_table":1,"minecraft:porkchop":1},"minecraft:broken":{"minecraft:wooden_pickaxe":1},"minecraft:crafted":{"minecraft:wooden_sword":1,"minecraft:oak_planks":40,"minecraft:crafting_table":1,"minecraft:stick":12,"minecraft:wooden_pickaxe":1,"minecraft:stone_pickaxe":1,"minecraft:wooden_axe":2},"minecraft:picked_up":{"minecraft:leather":3,"minecraft:wooden_pickaxe":1,"minecraft:porkchop":5,"minecraft:oak_log":12,"minecraft:diorite":3,"minecraft:gunpowder":2,"minecraft:dirt":8,"minecraft:rotten_flesh":1,"minecraft:wheat_seeds":1,"minecraft:beef":2,"minecraft:granite":6,"minecraft:iron_ore":22,"minecraft:oak_planks":6,"minecraft:cobblestone":52}},"DataVersion":2586}