{"stats":{"minecraft:killed":{"minecraft:sheep":5,"minecraft:cow":3},"minecraft:custom":{"minecraft:time_since_rest":8039,"minecraft:sprint_one_cm":14006,"minecraft:damage_taken":70,"minecraft:walk_one_cm":18162,"minecraft:mob_kills":8,"minecraft:damage_dealt":647,"minecraft:interact_with_crafting_table":5,"minecraft:fly_one_cm":20020,"minecraft:crouch_one_cm":2300,"minecraft:play_one_minute":8039,"minecraft:sneak_time":1511,"minecraft:jump":118,"minecraft:leave_game":1,"minecraft:time_since_death":8039,"minecraft:fall_one_cm":4763},"minecraft:mined":{"minecraft:crafting_table":1,"minecraft:granite":6,"minecraft:grass":7,"minecraft:grass_block":3,"minecraft:coal_ore":2,"minecraft:oak_log":11,"minecraft:dirt":7,"minecraft:tall_grass":1,"minecraft:spruce_leaves":1,"minecraft:stone":7,"minecraft:oak_leaves":1},"minecraft:used":{"minecraft:wooden_axe":9,"minecraft:stone_sword":23,"minecraft:stone_pickaxe":2,"minecraft:wooden_pickaxe":13,"minecraft:torch":1,"minecraft:dirt":5,"minecraft:crafting_table":2,"minecraft:oak_sapling":1},"minecraft:crafted":{"minecraft:wooden_sword":1,"minecraft:oak_planks":44,"minecraft:crafting_table":1,"minecraft:stick":8,"minecraft:wooden_pickaxe":1,"minecraft:stone_pickaxe":1,"minecraft:wooden_axe":1,"minecraft:stone_sword":1,"minecraft:torch":4},"minecraft:picked_up":{"minecraft:stick":2,"minecraft:crafting_table":1,"minecraft:leather":5,"minecraft:oak_log":11,"minecraft:dirt":10,"minecraft:beef":5,"minecraft:granite":6,"minecraft:light_gray_wool":1,"minecraft:oak_sapling":3,"minecraft:mutton":9,"minecraft:coal":2,"minecraft:white_wool":4,"minecraft:cobblestone":7,"minecraft:egg":1}},"DataVersion":2586}