{"stats":{"minecraft:killed_by":{"minecraft:player":1,"minecraft:cave_spider":1,"minecraft:skeleton":1},"minecraft:killed":{"minecraft:cave_spider":8,"minecraft:pig":6,"minecraft:spider":1,"minecraft:bat":3,"minecraft:cod":2,"minecraft:creeper":4,"minecraft:sheep":4,"minecraft:skeleton":3,"minecraft:zombie":6,"minecraft:chicken":3,"minecraft:cow":8},"minecraft:custom":{"minecraft:interact_with_furnace":17,"minecraft:mob_kills":48,"minecraft:interact_with_crafting_table":17,"minecraft:play_one_minute":66245,"minecraft:leave_game":4,"minecraft:time_since_death":22855,"minecraft:climb_one_cm":424,"minecraft:time_since_rest":22933,"minecraft:sprint_one_cm":124556,"minecraft:damage_taken":1034,"minecraft:walk_one_cm":117781,"minecraft:damage_dealt":6704,"minecraft:swim_one_cm":3681,"minecraft:fly_one_cm":472859,"minecraft:crouch_one_cm":16235,"minecraft:deaths":3,"minecraft:sneak_time":7340,"minecraft:walk_under_water_one_cm":1835,"minecraft:jump":1165,"minecraft:walk_on_water_one_cm":3947,"minecraft:fall_one_cm":18823},"minecraft:mined":{"minecraft:diamond_ore":11,"minecraft:crafting_table":1,"minecraft:granite":22,"minecraft:grass_block":1,"minecraft:cobblestone":26,"minecraft:lapis_ore":4,"minecraft:oak_planks":5,"minecraft:diorite":9,"minecraft:furnace":1,"minecraft:sweet_berry_bush":1,"minecraft:iron_ore":37,"minecraft:andesite":9,"minecraft:grass":1,"minecraft:oak_log":13,"minecraft:coal_ore":12,"minecraft:rail":1,"minecraft:dirt":8,"minecraft:stone":285,"minecraft:fern":1,"minecraft:oak_leaves":6},"minecraft:used":{"minecraft:diorite":9,"minecraft:stone_pickaxe":101,"minecraft:wooden_pickaxe":66,"minecraft:iron_sword":38,"minecraft:crafting_table":5,"minecraft:granite":12,"minecraft:wooden_axe":63,"minecraft:diamond_pickaxe":1,"minecraft:iron_pickaxe":290,"minecraft:wooden_sword":25,"minecraft:diamond_sword":27,"minecraft:cobblestone":6,"minecraft:beef":2,"minecraft:furnace":2,"minecraft:porkchop":1,"minecraft:cooked_porkchop":1,"minecraft:cooked_beef":3},"minecraft:broken":{"minecraft:wooden_axe":1,"minecraft:wooden_pickaxe":1},"minecraft:crafted":{"minecraft:cooked_beef":7,"minecraft:wooden_sword":1,"minecraft:oak_planks":64,"minecraft:diamond_sword":1,"minecraft:cooked_porkchop":1,"minecraft:crafting_table":4,"minecraft:wooden_pickaxe":2,"minecraft:iron_sword":2,"minecraft:furnace":2,"minecraft:air":0,"minecraft:diamond_helmet":1,"minecraft:iron_boots":1,"minecraft:diamond_pickaxe":1,"minecraft:stick":32,"minecraft:iron_ingot":9,"minecraft:iron_pickaxe":2,"minecraft:stone_pickaxe":3,"minecraft:wooden_axe":3},"minecraft:picked_up":{"minecraft:crafting_table":1,"minecraft:chicken":2,"minecraft:andesite":9,"minecraft:leather":7,"minecraft:wooden_pickaxe":1,"minecraft:oak_log":18,"minecraft:gunpowder":2,"minecraft:lapis_lazuli":24,"minecraft:dirt":9,"minecraft:name_tag":1,"minecraft:activator_rail":9,"minecraft:wheat_seeds":1,"minecraft:detector_rail":3,"minecraft:iron_ingot":11,"minecraft:beef":14,"minecraft:iron_ore":36,"minecraft:minecart":2,"minecraft:chest":2,"minecraft:oak_planks":10,"minecraft:furnace":1,"minecraft:torch":10,"minecraft:porkchop":8,"minecraft:diorite":9,"minecraft:pumpkin_seeds":7,"minecraft:arrow":1,"minecraft:rotten_flesh":1,"minecraft:diamond":11,"minecraft:granite":21,"minecraft:black_wool":1,"minecraft:mutton":7,"minecraft:coal":14,"minecraft:white_wool":3,"minecraft:rail":5,"minecraft:cobblestone":312}},"DataVersion":2586}