{"stats":{"minecraft:killed_by":{"minecraft:player":1},"minecraft:killed":{"minecraft:sheep":1,"minecraft:zombie":1,"minecraft:pig":2,"minecraft:chicken":8},"minecraft:custom":{"minecraft:time_since_rest":27879,"minecraft:interact_with_furnace":5,"minecraft:sprint_one_cm":80526,"minecraft:damage_taken":596,"minecraft:walk_one_cm":65110,"minecraft:mob_kills":12,"minecraft:drop":1,"minecraft:damage_dealt":1143,"minecraft:interact_with_crafting_table":14,"minecraft:swim_one_cm":8440,"minecraft:fly_one_cm":108474,"minecraft:player_kills":1,"minecraft:crouch_one_cm":4466,"minecraft:play_one_minute":29402,"minecraft:deaths":1,"minecraft:sneak_time":2306,"minecraft:walk_under_water_one_cm":761,"minecraft:jump":698,"minecraft:time_since_death":27855,"minecraft:walk_on_water_one_cm":5889,"minecraft:climb_one_cm":334,"minecraft:horse_one_cm":4959,"minecraft:fall_one_cm":21082},"minecraft:dropped":{"minecraft:oak_log":1},"minecraft:mined":{"minecraft:furnace":2,"minecraft:iron_ore":17,"minecraft:dark_oak_log":12,"minecraft:crafting_table":3,"minecraft:grass":4,"minecraft:coal_ore":28,"minecraft:oak_log":29,"minecraft:sand":4,"minecraft:dirt":4,"minecraft:stone":90,"minecraft:diorite":2,"minecraft:oak_leaves":10},"minecraft:used":{"minecraft:wooden_axe":49,"minecraft:stone_pickaxe":81,"minecraft:wooden_pickaxe":59,"minecraft:wooden_shovel":1,"minecraft:cooked_chicken":6,"minecraft:stone_axe":17,"minecraft:cobblestone":16,"minecraft:crafting_table":5,"minecraft:furnace":2,"minecraft:porkchop":1},"minecraft:broken":{"minecraft:wooden_axe":1,"minecraft:wooden_pickaxe":1},"minecraft:crafted":{"minecraft:oak_planks":76,"minecraft:wooden_shovel":1,"minecraft:crafting_table":2,"minecraft:stick":20,"minecraft:cooked_chicken":8,"minecraft:wooden_pickaxe":1,"minecraft:stone_pickaxe":2,"minecraft:wooden_axe":1,"minecraft:furnace":1,"minecraft:dark_oak_planks":48,"minecraft:torch":4,"minecraft:stone_axe":1,"minecraft:air":0},"minecraft:picked_up":{"minecraft:stick":4,"minecraft:crafting_table":3,"minecraft:feather":6,"minecraft:chicken":8,"minecraft:porkchop":3,"minecraft:sand":4,"minecraft:oak_log":33,"minecraft:diorite":2,"minecraft:dirt":3,"minecraft:dark_oak_log":12,"minecraft:rotten_flesh":2,"minecraft:wheat_seeds":1,"minecraft:iron_ore":17,"minecraft:oak_sapling":1,"minecraft:mutton":1,"minecraft:sugar_cane":3,"minecraft:coal":49,"minecraft:oak_planks":56,"minecraft:egg":3,"minecraft:white_wool":1,"minecraft:cobblestone":90,"minecraft:furnace":2}},"DataVersion":2586}