{"stats":{"minecraft:killed":{"minecraft:pig":1,"minecraft:chicken":1},"minecraft:custom":{"minecraft:time_since_rest":10130,"minecraft:damage_absorbed":323,"minecraft:sprint_one_cm":39892,"minecraft:open_enderchest":2,"minecraft:damage_taken":1171,"minecraft:walk_one_cm":88831,"minecraft:interact_with_anvil":8,"minecraft:mob_kills":2,"minecraft:drop":10,"minecraft:player_kills":1,"minecraft:fly_one_cm":294742,"minecraft:crouch_one_cm":8240,"minecraft:play_time":54298,"minecraft:deaths":4,"minecraft:sneak_time":3250,"minecraft:walk_under_water_one_cm":3658,"minecraft:boat_one_cm":40990,"minecraft:jump":295,"minecraft:leave_game":1,"minecraft:walk_on_water_one_cm":7625,"minecraft:time_since_death":10101,"minecraft:enchant_item":4,"minecraft:damage_resisted":178,"minecraft:total_world_time":54298,"minecraft:fall_one_cm":1622},"minecraft:picked_up":{"minecraft:netherite_boots":1,"simplehats:plaguedoctor":1,"simplehats:beaniejuly":1,"simplehats:baseballhatjuly":3,"simplehats:julydouble":1,"minecraft:chicken":3,"minecraft:anvil":1,"cgm:rifle":1,"simplehats:special":6,"minecraft:porkchop":3,"cgm:heavy_rifle":2,"simplehats:bigstevehead":6,"minecraft:grass_block":2,"farmersdelight:diamond_knife":1,"minecraft:netherite_leggings":1,"minecraft:dirt":199,"cgm:shotgun":2,"securitycraft:reinforced_cauldron":6,"simplehats:palmtree":6,"simplehats:cyclopseye":6,"minecraft:netherite_helmet":1,"simplehats:sunglasses":1,"cgm:mini_gun":1,"simplehats:finnhood":6,"farmersdelight:bacon_sandwich":2,"simplehats:fireworks":1,"minecraft:netherite_chestplate":1,"simplehats:dangeresquejuly":2,"cgm:bazooka":4,"simplehats:hatbag_summer":1},"minecraft:used":{"securitycraft:stone_mine":4,"minecraft:enchanting_table":1,"cgm:machine_pistol":158,"cgm:shotgun":88,"minecraft:grass_block":221,"cgm:pistol":72,"horror_element_mod:spiked_body":1,"horror_element_mod:villager_head":1,"cgm:stun_grenade":6,"horror_element_mod:spiked_villager":1,"farmersdelight:bacon_sandwich":3,"cgm:grenade_launcher":10,"securitycraft:mine":2,"securitycraft:cobblestone_mine":2,"minecraft:anvil":3,"securitycraft:reinforced_cauldron":1,"cgm:bazooka":16,"cgm:mini_gun":212,"minecraft:enchanted_golden_apple":2,"cgm:heavy_rifle":18},"minecraft:killed_by":{"minecraft:player":4},"minecraft:dropped":{"farmersdelight:hamburger":1,"cgm:shotgun":2,"farmersdelight:bacon_sandwich":2,"simplehats:baseballhatjuly":1,"cgm:heavy_rifle":1,"cgm:stun_grenade":1,"minecraft:grass_block":1,"farmersdelight:diamond_knife":1}},"DataVersion":3120}