{"stats":{"minecraft:killed":{"minecraft:pig":3,"minecraft:zombie_villager":2,"minecraft:spider":2,"minecraft:bat":1,"minecraft:creeper":3,"minecraft:horse":2,"minecraft:sheep":9,"minecraft:skeleton":6,"minecraft:donkey":2,"minecraft:zombie":9,"minecraft:chicken":1,"minecraft:glow_squid":1,"minecraft:villager":26,"minecraft:enderman":3,"minecraft:cow":6},"minecraft:custom":{"minecraft:interact_with_anvil":8,"minecraft:mob_kills":76,"minecraft:leave_game":3,"minecraft:time_since_death":14987,"minecraft:climb_one_cm":1144,"minecraft:damage_resisted":178,"minecraft:time_since_rest":15015,"minecraft:damage_absorbed":323,"minecraft:open_enderchest":2,"minecraft:sprint_one_cm":142799,"minecraft:damage_taken":1171,"minecraft:walk_one_cm":262926,"minecraft:drop":15,"minecraft:damage_dealt":6334,"minecraft:swim_one_cm":16917,"minecraft:talked_to_villager":7,"minecraft:fly_one_cm":1740838,"minecraft:player_kills":2,"minecraft:open_chest":1,"minecraft:crouch_one_cm":27229,"minecraft:play_time":181688,"minecraft:deaths":6,"minecraft:sneak_time":12517,"minecraft:walk_under_water_one_cm":54211,"minecraft:boat_one_cm":40990,"minecraft:jump":1394,"minecraft:walk_on_water_one_cm":14731,"minecraft:enchant_item":4,"minecraft:total_world_time":181688,"minecraft:fall_one_cm":1622},"minecraft:picked_up":{"minecraft:birch_log":16,"minecraft:netherite_boots":1,"minecraft:mud_brick_slab":1,"minecraft:coarse_dirt":6,"simplehats:julydouble":1,"minecraft:mud_bricks":1,"minecraft:chicken":3,"simplehats:hatbag_rare":2,"minecraft:anvil":1,"simplehats:special":6,"minecraft:jungle_log":6,"minecraft:leather":12,"minecraft:oak_log":4,"cgm:heavy_rifle":2,"minecraft:gunpowder":4,"farmersdelight:diamond_knife":1,"minecraft:amethyst_block":80,"minecraft:netherite_leggings":1,"minecraft:dirt":907,"minecraft:string":5,"cgm:grenade":3,"minecraft:lantern":3,"railways:handcar":2,"minecraft:raw_copper":32,"cgm:shotgun":2,"securitycraft:reinforced_cauldron":6,"minecraft:bone":4,"minecraft:kelp":2,"simplehats:cyclopseye":6,"minecraft:wheat_seeds":4,"securitycraft:wire_cutters":1,"cgm:mini_gun":1,"simplehats:finnhood":6,"minecraft:dark_oak_leaves":3,"minecraft:spruce_planks":5,"minecraft:iron_ingot":1,"minecraft:beef":11,"minecraft:calcite":16,"minecraft:jungle_sapling":5,"securitycraft:reinforced_oak_log":4,"simplehats:hatbag_uncommon":2,"minecraft:spruce_slab":4,"cgm:bazooka":8,"minecraft:birch_sapling":6,"minecraft:oak_planks":32,"minecraft:spruce_trapdoor":3,"simplehats:baseballhatjuly":3,"simplehats:plaguedoctor":1,"simplehats:beaniejuly":1,"simplehats:hatbag_common":2,"cgm:rifle":1,"minecraft:spruce_stairs":1,"minecraft:porkchop":7,"minecraft:sand":80,"minecraft:amethyst_shard":2,"simplehats:bigstevehead":6,"minecraft:diorite":10,"minecraft:grass_block":6,"create:brass_hand":1,"minecraft:arrow":4,"simplehats:palmtree":6,"minecraft:rotten_flesh":11,"minecraft:netherite_helmet":1,"simplehats:sunglasses":1,"create:track":3,"create:ochrum":12,"minecraft:deepslate_bricks":3,"farmersdelight:bacon_sandwich":2,"simplehats:fireworks":1,"simplehats:dangeresquejuly":2,"minecraft:netherite_chestplate":1,"minecraft:black_wool":1,"minecraft:dark_oak_fence":1,"minecraft:mutton":13,"minecraft:cobblestone":149,"minecraft:snowball":5,"simplehats:hatbag_summer":1,"minecraft:white_wool":7,"minecraft:ender_pearl":1},"minecraft:used":{"securitycraft:stone_mine":4,"create:handheld_worldshaper":2,"minecraft:netherite_sword":90,"create:deployer":7,"cgm:machine_pistol":158,"minecraft:enchanting_table":1,"cgm:pistol":72,"securitycraft:keypad_chest":1,"minecraft:spruce_slab":57,"create:piston_extension_pole":41,"horror_element_mod:spiked_body":1,"minecraft:mud_brick_slab":1,"cgm:stun_grenade":29,"securitycraft:bucket_f_lava":1,"minecraft:deepslate_bricks":2,"securitycraft:cobblestone_mine":2,"minecraft:dirt":1,"minecraft:anvil":3,"securitycraft:reinforced_cauldron":1,"cgm:bazooka":91,"horror_element_mod:blood_4":5,"create:track":20,"cgm:shotgun":88,"minecraft:lantern":6,"minecraft:grass_block":616,"minecraft:barrier":63,"cgm:grenade":72,"horror_element_mod:villager_head":1,"create:water_wheel":2,"minecraft:dark_oak_leaves":41,"horror_element_mod:spiked_villager":1,"minecraft:spruce_trapdoor":59,"farmersdelight:bacon_sandwich":3,"create:large_water_wheel":1,"cgm:grenade_launcher":24,"securitycraft:mine":4,"minecraft:dark_oak_fence":64,"cgm:heavy_rifle":42,"horror_element_mod:blood_3":2,"securitycraft:alarm":2,"securitycraft:portable_radar":2,"sereneseasons:season_sensor":2,"horror_element_mod:blood_5":2,"cgm:mini_gun":212,"minecraft:enchanted_golden_apple":2,"securitycraft:reinforced_oak_log":175},"minecraft:killed_by":{"minecraft:player":4},"minecraft:dropped":{"farmersdelight:hamburger":1,"cgm:shotgun":2,"minecraft:barrier":1,"farmersdelight:bacon_sandwich":2,"simplehats:baseballhatjuly":1,"minecraft:grass_block":1,"securitycraft:reinforced_oak_log":1,"minecraft:spruce_trapdoor":1,"minecraft:spruce_planks":1,"securitycraft:bucket_f_lava":1,"cgm:heavy_rifle":1,"cgm:stun_grenade":1,"farmersdelight:diamond_knife":1}},"DataVersion":3120}