{"stats":{"minecraft:dropped":{"farmersdelight:hamburger":1,"securitycraft:security_camera":1,"minecraft:barrier":1,"farmersdelight:bacon_sandwich":2,"simplehats:baseballhatjuly":1,"minecraft:grass_block":1,"simplehats:spyzombie":1,"securitycraft:reinforced_oak_log":2,"farmersdelight:roast_chicken_block":9,"farmersdelight:barbecue_stick":1,"cgm:shotgun":2,"minecraft:diamond_sword":1,"minecraft:spruce_trapdoor":1,"minecraft:spruce_planks":1,"securitycraft:bucket_f_lava":1,"cgm:heavy_rifle":1,"railways:iron_wrapped_locometal":3,"cgm:stun_grenade":1,"farmersdelight:diamond_knife":1},"minecraft:picked_up":{"minecraft:mud_brick_slab":1,"minecraft:coarse_dirt":6,"simplehats:julydouble":1,"minecraft:chicken":3,"simplehats:hatbag_rare":2,"minecraft:anvil":1,"minecraft:diamond_sword":1,"minecraft:golden_shovel":14,"minecraft:amethyst_block":80,"farmersdelight:diamond_knife":1,"minecraft:string":5,"railways:handcar":2,"minecraft:raw_copper":32,"cgm:shotgun":2,"securitycraft:reinforced_cauldron":6,"securitycraft:wire_cutters":1,"cgm:mini_gun":1,"minecraft:bucket":2,"minecraft:dark_oak_leaves":3,"minecraft:spruce_planks":5,"minecraft:beef":11,"minecraft:calcite":16,"minecraft:jungle_sapling":5,"minecraft:spruce_slab":4,"securitycraft:reinforced_oak_log":5,"cgm:bazooka":9,"minecraft:birch_sapling":6,"minecraft:spruce_trapdoor":3,"bellsandwhistles:headlight":1,"simplehats:hatbag_common":2,"minecraft:spruce_stairs":1,"securitycraft:camera_monitor":1,"minecraft:porkchop":7,"minecraft:netherite_shovel":1,"simplehats:bigstevehead":6,"minecraft:diorite":10,"minecraft:rotten_flesh":11,"minecraft:arrow":4,"create:track":3,"create:ochrum":12,"minecraft:deepslate_bricks":3,"farmersdelight:bacon_sandwich":2,"minecraft:netherite_chestplate":1,"minecraft:mutton":13,"minecraft:snowball":5,"minecraft:white_wool":7,"minecraft:cobblestone":154,"minecraft:birch_log":16,"minecraft:netherite_boots":1,"minecraft:mud_bricks":1,"simplehats:special":6,"minecraft:water_bucket":3,"minecraft:jungle_log":6,"minecraft:leather":12,"minecraft:oak_log":4,"farmersdelight:roast_chicken_block":6,"cgm:heavy_rifle":2,"minecraft:gunpowder":4,"minecraft:netherite_leggings":1,"minecraft:dirt":1548,"minecraft:lantern":3,"cgm:grenade":3,"minecraft:bone":4,"minecraft:kelp":132,"simplehats:cyclopseye":6,"minecraft:wheat_seeds":4,"simplehats:finnhood":6,"minecraft:iron_ingot":1,"simplehats:hatbag_uncommon":2,"minecraft:oak_planks":32,"createdeco:lime_decal":1,"simplehats:baseballhatjuly":3,"simplehats:plaguedoctor":1,"simplehats:beaniejuly":1,"cgm:rifle":1,"minecraft:sand":80,"minecraft:amethyst_shard":2,"minecraft:grass_block":198,"railways:iron_wrapped_locometal":4,"create:brass_hand":1,"simplehats:palmtree":6,"minecraft:netherite_helmet":1,"simplehats:sunglasses":1,"simplehats:fireworks":1,"simplehats:dangeresquejuly":2,"minecraft:black_wool":1,"minecraft:dark_oak_fence":1,"simplehats:hatbag_summer":1,"minecraft:ender_pearl":1},"minecraft:killed":{"minecraft:spider":2,"minecraft:horse":2,"minecraft:skeleton":6,"minecraft:chicken":1,"minecraft:pig":3,"minecraft:zombie_villager":2,"minecraft:bat":1,"minecraft:wandering_trader":1,"minecraft:creeper":3,"minecraft:sheep":9,"minecraft:trader_llama":2,"minecraft:donkey":2,"minecraft:zombie":9,"minecraft:glow_squid":1,"minecraft:villager":383,"minecraft:enderman":3,"minecraft:cow":6},"minecraft:broken":{"minecraft:golden_shovel":8},"minecraft:killed_by":{"minecraft:player":6},"minecraft:used":{"create:deployer":7,"minecraft:netherite_sword":90,"minecraft:enchanting_table":1,"cgm:machine_pistol":158,"minecraft:spruce_slab":57,"create:piston_extension_pole":41,"securitycraft:keypad_chest":1,"minecraft:spruce_planks":207,"mcwwindows:stone_brick_arrow_slit":2,"securitycraft:bucket_f_lava":1,"horror_element_mod:acid_blood_2":1,"securitycraft:security_camera":2,"railways:iron_wrapped_locometal_boiler":34,"create:railway_casing":8,"securitycraft:reinforced_iron_bars":1,"horror_element_mod:colonial_marine_head":1,"minecraft:dirt":71,"minecraft:anvil":3,"create:copycat_panel":11,"horror_element_mod:hospital_bed":1,"minecraft:golden_shovel":269,"create:metal_girder":55,"create:mechanical_roller":1,"minecraft:netherite_shovel":16,"bellsandwhistles:headlight":61,"cgm:shotgun":90,"minecraft:lantern":6,"minecraft:grass_block":874,"mcwwindows:mangrove_log_parapet":142,"horror_element_mod:villager_head":1,"minecraft:dark_oak_wood":25,"minecraft:dark_oak_leaves":41,"horror_element_mod:hanging_corpse_1":2,"farmersdelight:bacon_sandwich":3,"minecraft:mud_bricks":258,"cgm:grenade_launcher":24,"railways:flat_slashed_locometal":98,"horror_element_mod:blood_5":2,"securitycraft:alarm":2,"cgm:heavy_rifle":42,"minecraft:enchanted_golden_apple":2,"createdeco:lime_decal":1,"securitycraft:stone_mine":4,"create:handheld_worldshaper":4,"horror_element_mod:primitive_head":2,"minecraft:water_bucket":31,"horror_element_mod:broken_tv":4,"cgm:pistol":128,"horror_element_mod:spiked_body":1,"minecraft:mud_brick_slab":15,"cgm:stun_grenade":29,"minecraft:deepslate_bricks":9,"securitycraft:cobblestone_mine":2,"securitycraft:reinforced_cauldron":1,"cgm:bazooka":98,"horror_element_mod:blood_4":5,"horror_element_mod:cursed_painting":1,"framedblocks:framed_divided_panel_horizontal":2,"create:track":42,"minecraft:black_concrete":1,"minecraft:dark_oak_log":7,"cgm:grenade":121,"railways:iron_wrapped_locometal":6,"minecraft:barrier":207,"create:water_wheel":2,"horror_element_mod:spiked_villager":1,"minecraft:spruce_trapdoor":59,"mcwwindows:blackstone_parapet":23,"create:large_water_wheel":1,"cfm:stripped_dark_oak_chair":6,"securitycraft:mine":4,"minecraft:diamond_sword":10,"minecraft:cobblestone":22,"minecraft:dark_oak_fence":64,"minecraft:bucket":59,"minecraft:white_concrete":2,"bellsandwhistles:andesite_bogie_steps":1,"sereneseasons:season_sensor":2,"securitycraft:reinforced_oak_stairs":548,"securitycraft:portable_radar":2,"cgm:mini_gun":1261,"securitycraft:reinforced_oak_log":175,"horror_element_mod:blood_3":2},"minecraft:mined":{"minecraft:grass_block":116,"minecraft:vine":1,"minecraft:dirt_path":3,"minecraft:dirt":188},"minecraft:custom":{"minecraft:mob_kills":436,"minecraft:interact_with_anvil":8,"minecraft:leave_game":5,"minecraft:time_since_death":100385,"minecraft:climb_one_cm":2133,"minecraft:damage_resisted":178,"minecraft:sprint_one_cm":287271,"minecraft:walk_one_cm":536069,"minecraft:drop":32,"minecraft:talked_to_villager":17,"minecraft:play_time":356379,"minecraft:deaths":9,"minecraft:sneak_time":26880,"minecraft:walk_under_water_one_cm":110252,"minecraft:boat_one_cm":40990,"minecraft:jump":4786,"minecraft:walk_on_water_one_cm":36141,"minecraft:enchant_item":4,"minecraft:total_world_time":356379,"minecraft:time_since_rest":100415,"minecraft:open_enderchest":2,"minecraft:damage_taken":1947,"minecraft:damage_absorbed":323,"minecraft:damage_dealt":7045,"minecraft:swim_one_cm":20987,"minecraft:fly_one_cm":3038763,"minecraft:player_kills":3,"minecraft:open_chest":1,"minecraft:crouch_one_cm":58825,"minecraft:fall_one_cm":8801}},"DataVersion":3120}