{"stats":{"minecraft:killed_by":{"minecraft:player":4},"minecraft:picked_up":{"minecraft:netherite_boots":1,"simplehats:julydouble":1,"minecraft:chicken":3,"minecraft:anvil":1,"simplehats:special":6,"minecraft:oak_log":1,"cgm:heavy_rifle":2,"farmersdelight:diamond_knife":1,"minecraft:netherite_leggings":1,"minecraft:string":1,"minecraft:dirt":269,"railways:handcar":2,"cgm:shotgun":2,"securitycraft:reinforced_cauldron":6,"simplehats:cyclopseye":6,"securitycraft:wire_cutters":1,"simplehats:finnhood":6,"cgm:mini_gun":1,"cgm:bazooka":4,"simplehats:beaniejuly":1,"simplehats:baseballhatjuly":3,"simplehats:plaguedoctor":1,"cgm:rifle":1,"minecraft:porkchop":3,"simplehats:bigstevehead":6,"minecraft:grass_block":2,"create:brass_hand":1,"simplehats:palmtree":6,"minecraft:netherite_helmet":1,"simplehats:sunglasses":1,"farmersdelight:bacon_sandwich":2,"simplehats:fireworks":1,"minecraft:netherite_chestplate":1,"simplehats:dangeresquejuly":2,"simplehats:hatbag_summer":1,"minecraft:cobblestone":13},"minecraft:dropped":{"farmersdelight:hamburger":1,"cgm:shotgun":2,"minecraft:barrier":1,"farmersdelight:bacon_sandwich":2,"simplehats:baseballhatjuly":1,"minecraft:grass_block":1,"securitycraft:reinforced_oak_log":1,"minecraft:spruce_planks":1,"securitycraft:bucket_f_lava":1,"cgm:heavy_rifle":1,"cgm:stun_grenade":1,"farmersdelight:diamond_knife":1},"minecraft:custom":{"minecraft:mob_kills":3,"minecraft:interact_with_anvil":8,"minecraft:leave_game":2,"minecraft:time_since_death":64920,"minecraft:damage_resisted":178,"minecraft:time_since_rest":64949,"minecraft:walk_one_cm":195621,"minecraft:sprint_one_cm":69288,"minecraft:open_enderchest":2,"minecraft:damage_taken":1171,"minecraft:damage_absorbed":323,"minecraft:drop":14,"minecraft:damage_dealt":160,"minecraft:swim_one_cm":61,"minecraft:fly_one_cm":606269,"minecraft:player_kills":1,"minecraft:open_chest":1,"minecraft:crouch_one_cm":22410,"minecraft:play_time":109117,"minecraft:deaths":4,"minecraft:sneak_time":7835,"minecraft:walk_under_water_one_cm":22181,"minecraft:boat_one_cm":40990,"minecraft:jump":581,"minecraft:walk_on_water_one_cm":8162,"minecraft:enchant_item":4,"minecraft:total_world_time":109117,"minecraft:fall_one_cm":1622},"minecraft:killed":{"minecraft:pig":1,"minecraft:spider":1,"minecraft:chicken":1},"minecraft:used":{"securitycraft:stone_mine":4,"create:handheld_worldshaper":2,"create:deployer":7,"minecraft:enchanting_table":1,"cgm:machine_pistol":158,"minecraft:spruce_slab":56,"create:piston_extension_pole":41,"cgm:pistol":72,"securitycraft:keypad_chest":1,"horror_element_mod:spiked_body":1,"cgm:stun_grenade":6,"securitycraft:bucket_f_lava":1,"minecraft:deepslate_bricks":2,"securitycraft:cobblestone_mine":2,"minecraft:anvil":3,"securitycraft:reinforced_cauldron":1,"cgm:bazooka":32,"horror_element_mod:blood_4":5,"create:track":20,"cgm:shotgun":88,"minecraft:lantern":6,"minecraft:grass_block":311,"minecraft:barrier":53,"horror_element_mod:villager_head":1,"create:water_wheel":2,"minecraft:dark_oak_leaves":30,"horror_element_mod:spiked_villager":1,"minecraft:spruce_trapdoor":59,"farmersdelight:bacon_sandwich":3,"create:large_water_wheel":1,"cgm:grenade_launcher":12,"securitycraft:mine":3,"minecraft:dark_oak_fence":42,"horror_element_mod:blood_5":2,"sereneseasons:season_sensor":2,"securitycraft:portable_radar":2,"cgm:mini_gun":212,"securitycraft:alarm":2,"minecraft:enchanted_golden_apple":2,"cgm:heavy_rifle":18,"securitycraft:reinforced_oak_log":136,"horror_element_mod:blood_3":2}},"DataVersion":3120}