{"stats":{"minecraft:killed_by":{"minecraft:player":1},"minecraft:custom":{"minecraft:time_since_rest":3879,"minecraft:play_one_minute":5402,"minecraft:crouch_one_cm":376,"minecraft:deaths":1,"minecraft:sprint_one_cm":31991,"minecraft:damage_taken":361,"minecraft:walk_one_cm":8557,"minecraft:sneak_time":637,"minecraft:walk_under_water_one_cm":257,"minecraft:drop":1,"minecraft:jump":232,"minecraft:damage_dealt":343,"minecraft:walk_on_water_one_cm":653,"minecraft:time_since_death":3855,"minecraft:swim_one_cm":2865,"minecraft:interact_with_crafting_table":3,"minecraft:fall_one_cm":6560,"minecraft:fly_one_cm":42480,"minecraft:player_kills":1},"minecraft:dropped":{"minecraft:oak_log":1},"minecraft:mined":{"minecraft:grass":2,"minecraft:oak_log":15,"minecraft:oak_leaves":3,"minecraft:crafting_table":1},"minecraft:used":{"minecraft:wooden_axe":15,"minecraft:crafting_table":1},"minecraft:crafted":{"minecraft:oak_planks":12,"minecraft:crafting_table":1,"minecraft:wooden_axe":1},"minecraft:picked_up":{"minecraft:crafting_table":1,"minecraft:stick":4,"minecraft:wheat_seeds":1,"minecraft:oak_log":19,"minecraft:sugar_cane":3}},"DataVersion":2586}