{"stats":{"minecraft:killed":{"minecraft:pig":1,"minecraft:chicken":1},"minecraft:custom":{"minecraft:time_since_rest":3202,"minecraft:damage_absorbed":323,"minecraft:sprint_one_cm":36549,"minecraft:open_enderchest":2,"minecraft:damage_taken":975,"minecraft:walk_one_cm":71440,"minecraft:interact_with_anvil":2,"minecraft:mob_kills":2,"minecraft:drop":6,"minecraft:player_kills":1,"minecraft:fly_one_cm":229126,"minecraft:crouch_one_cm":6051,"minecraft:play_time":42298,"minecraft:deaths":3,"minecraft:sneak_time":2400,"minecraft:walk_under_water_one_cm":2927,"minecraft:boat_one_cm":40990,"minecraft:jump":237,"minecraft:leave_game":1,"minecraft:walk_on_water_one_cm":6172,"minecraft:time_since_death":3160,"minecraft:enchant_item":4,"minecraft:damage_resisted":178,"minecraft:total_world_time":42298,"minecraft:fall_one_cm":1411},"minecraft:picked_up":{"simplehats:beaniejuly":1,"simplehats:baseballhatjuly":3,"simplehats:julydouble":1,"minecraft:chicken":3,"simplehats:special":6,"minecraft:porkchop":3,"cgm:heavy_rifle":1,"simplehats:bigstevehead":6,"minecraft:grass_block":2,"minecraft:dirt":192,"cgm:shotgun":1,"securitycraft:reinforced_cauldron":6,"simplehats:palmtree":6,"simplehats:cyclopseye":6,"simplehats:sunglasses":1,"simplehats:finnhood":6,"simplehats:fireworks":1,"simplehats:dangeresquejuly":2,"cgm:bazooka":4,"simplehats:hatbag_summer":1},"minecraft:used":{"minecraft:enchanting_table":1,"cgm:machine_pistol":158,"cgm:shotgun":77,"minecraft:grass_block":141,"cgm:pistol":72,"horror_element_mod:spiked_body":1,"horror_element_mod:villager_head":1,"cgm:stun_grenade":6,"horror_element_mod:spiked_villager":1,"cgm:grenade_launcher":10,"minecraft:anvil":1,"securitycraft:reinforced_cauldron":1,"cgm:bazooka":16,"cgm:mini_gun":181,"minecraft:enchanted_golden_apple":2,"cgm:heavy_rifle":16},"minecraft:killed_by":{"minecraft:player":3},"minecraft:dropped":{"cgm:shotgun":2,"simplehats:baseballhatjuly":1,"cgm:heavy_rifle":1,"cgm:stun_grenade":1,"minecraft:grass_block":1}},"DataVersion":3120}