{"stats":{"minecraft:killed":{"minecraft:pig":1,"minecraft:zombie_villager":2,"minecraft:spider":2,"minecraft:creeper":3,"minecraft:skeleton":5,"minecraft:zombie":9,"minecraft:chicken":1,"minecraft:enderman":2},"minecraft:dropped":{"farmersdelight:hamburger":1,"cgm:shotgun":2,"minecraft:barrier":1,"farmersdelight:bacon_sandwich":2,"simplehats:baseballhatjuly":1,"minecraft:grass_block":1,"securitycraft:reinforced_oak_log":1,"minecraft:spruce_planks":1,"securitycraft:bucket_f_lava":1,"cgm:heavy_rifle":1,"cgm:stun_grenade":1,"farmersdelight:diamond_knife":1},"minecraft:used":{"securitycraft:stone_mine":4,"create:handheld_worldshaper":2,"create:deployer":7,"minecraft:netherite_sword":55,"minecraft:enchanting_table":1,"cgm:machine_pistol":158,"securitycraft:keypad_chest":1,"cgm:pistol":72,"minecraft:spruce_slab":56,"create:piston_extension_pole":41,"horror_element_mod:spiked_body":1,"cgm:stun_grenade":16,"securitycraft:bucket_f_lava":1,"minecraft:deepslate_bricks":2,"securitycraft:cobblestone_mine":2,"minecraft:dirt":1,"minecraft:anvil":3,"securitycraft:reinforced_cauldron":1,"cgm:bazooka":64,"horror_element_mod:blood_4":5,"create:track":20,"cgm:shotgun":88,"minecraft:lantern":6,"minecraft:grass_block":599,"minecraft:barrier":53,"horror_element_mod:villager_head":1,"cgm:grenade":6,"create:water_wheel":2,"minecraft:dark_oak_leaves":36,"horror_element_mod:spiked_villager":1,"minecraft:spruce_trapdoor":59,"farmersdelight:bacon_sandwich":3,"create:large_water_wheel":1,"cgm:grenade_launcher":12,"securitycraft:mine":3,"minecraft:dark_oak_fence":64,"securitycraft:alarm":2,"securitycraft:portable_radar":2,"sereneseasons:season_sensor":2,"horror_element_mod:blood_5":2,"cgm:mini_gun":212,"minecraft:enchanted_golden_apple":2,"cgm:heavy_rifle":36,"securitycraft:reinforced_oak_log":136,"horror_element_mod:blood_3":2},"minecraft:killed_by":{"minecraft:player":4},"minecraft:picked_up":{"minecraft:mud_brick_slab":1,"minecraft:netherite_boots":1,"simplehats:julydouble":1,"minecraft:mud_bricks":1,"minecraft:chicken":3,"simplehats:hatbag_rare":2,"minecraft:anvil":1,"simplehats:special":6,"minecraft:oak_log":4,"cgm:heavy_rifle":2,"minecraft:gunpowder":4,"farmersdelight:diamond_knife":1,"minecraft:netherite_leggings":1,"minecraft:dirt":795,"minecraft:string":5,"minecraft:lantern":3,"railways:handcar":2,"cgm:grenade":3,"cgm:shotgun":2,"securitycraft:reinforced_cauldron":6,"minecraft:bone":3,"simplehats:cyclopseye":6,"minecraft:wheat_seeds":4,"securitycraft:wire_cutters":1,"minecraft:spruce_planks":5,"minecraft:dark_oak_leaves":3,"simplehats:finnhood":6,"cgm:mini_gun":1,"minecraft:iron_ingot":1,"simplehats:hatbag_uncommon":2,"minecraft:spruce_slab":4,"securitycraft:reinforced_oak_log":4,"cgm:bazooka":8,"minecraft:spruce_trapdoor":3,"simplehats:beaniejuly":1,"simplehats:baseballhatjuly":3,"simplehats:plaguedoctor":1,"simplehats:hatbag_common":2,"cgm:rifle":1,"minecraft:spruce_stairs":1,"minecraft:porkchop":3,"minecraft:sand":80,"simplehats:bigstevehead":6,"minecraft:diorite":10,"minecraft:grass_block":6,"create:brass_hand":1,"minecraft:arrow":3,"simplehats:palmtree":6,"minecraft:rotten_flesh":11,"minecraft:netherite_helmet":1,"simplehats:sunglasses":1,"create:track":3,"create:ochrum":12,"minecraft:deepslate_bricks":3,"farmersdelight:bacon_sandwich":2,"simplehats:fireworks":1,"simplehats:dangeresquejuly":2,"minecraft:netherite_chestplate":1,"minecraft:ender_pearl":1,"minecraft:dark_oak_fence":1,"simplehats:hatbag_summer":1,"minecraft:cobblestone":119},"minecraft:custom":{"minecraft:mob_kills":25,"minecraft:interact_with_anvil":8,"minecraft:leave_game":2,"minecraft:time_since_death":19977,"minecraft:damage_resisted":178,"minecraft:time_since_rest":20048,"minecraft:damage_absorbed":323,"minecraft:sprint_one_cm":120886,"minecraft:open_enderchest":2,"minecraft:damage_taken":1171,"minecraft:walk_one_cm":226441,"minecraft:drop":14,"minecraft:damage_dealt":4074,"minecraft:swim_one_cm":2357,"minecraft:fly_one_cm":1041668,"minecraft:player_kills":2,"minecraft:open_chest":1,"minecraft:crouch_one_cm":24786,"minecraft:play_time":138159,"minecraft:deaths":5,"minecraft:sneak_time":9245,"minecraft:walk_under_water_one_cm":35872,"minecraft:boat_one_cm":40990,"minecraft:jump":786,"minecraft:walk_on_water_one_cm":9838,"minecraft:enchant_item":4,"minecraft:total_world_time":138159,"minecraft:fall_one_cm":1622}},"DataVersion":3120}