{"stats":{"minecraft:killed":{"minecraft:pig":1,"minecraft:chicken":1},"minecraft:custom":{"minecraft:time_since_rest":4098,"minecraft:open_enderchest":2,"minecraft:crouch_one_cm":2852,"minecraft:play_time":18886,"minecraft:sprint_one_cm":10191,"minecraft:walk_one_cm":34385,"minecraft:damage_taken":600,"minecraft:deaths":2,"minecraft:sneak_time":1241,"minecraft:walk_under_water_one_cm":1706,"minecraft:mob_kills":2,"minecraft:boat_one_cm":16840,"minecraft:drop":1,"minecraft:jump":67,"minecraft:walk_on_water_one_cm":508,"minecraft:time_since_death":4073,"minecraft:total_world_time":18886,"minecraft:fall_one_cm":1193,"minecraft:fly_one_cm":80004},"minecraft:picked_up":{"securitycraft:reinforced_cauldron":2,"minecraft:chicken":1,"simplehats:special":2,"simplehats:cyclopseye":2,"simplehats:finnhood":2,"minecraft:porkchop":1,"simplehats:bigstevehead":2,"cgm:bazooka":2,"minecraft:dirt":64},"minecraft:used":{"cgm:grenade_launcher":6,"cgm:shotgun":48,"minecraft:grass_block":121,"horror_element_mod:spiked_body":1,"securitycraft:reinforced_cauldron":1,"horror_element_mod:villager_head":1,"cgm:bazooka":5,"horror_element_mod:spiked_villager":1,"cgm:mini_gun":81,"cgm:heavy_rifle":1},"minecraft:killed_by":{"minecraft:player":2},"minecraft:dropped":{"cgm:stun_grenade":1}},"DataVersion":3120}