{"stats":{"minecraft:killed":{"minecraft:pig":1,"minecraft:chicken":1},"minecraft:custom":{"minecraft:time_since_rest":15510,"minecraft:sprint_one_cm":19481,"minecraft:open_enderchest":2,"minecraft:damage_taken":600,"minecraft:walk_one_cm":49158,"minecraft:mob_kills":2,"minecraft:drop":3,"minecraft:player_kills":1,"minecraft:fly_one_cm":159815,"minecraft:crouch_one_cm":3838,"minecraft:play_time":30298,"minecraft:deaths":2,"minecraft:sneak_time":1933,"minecraft:walk_under_water_one_cm":2211,"minecraft:boat_one_cm":40990,"minecraft:jump":91,"minecraft:leave_game":1,"minecraft:walk_on_water_one_cm":6162,"minecraft:time_since_death":15485,"minecraft:total_world_time":30298,"minecraft:fall_one_cm":1411},"minecraft:picked_up":{"simplehats:beaniejuly":1,"simplehats:baseballhatjuly":3,"simplehats:julydouble":1,"minecraft:chicken":3,"simplehats:special":6,"minecraft:porkchop":3,"simplehats:bigstevehead":6,"minecraft:grass_block":2,"minecraft:dirt":192,"cgm:shotgun":1,"securitycraft:reinforced_cauldron":6,"simplehats:palmtree":6,"simplehats:cyclopseye":6,"simplehats:finnhood":6,"simplehats:fireworks":1,"simplehats:dangeresquejuly":2,"cgm:bazooka":4,"simplehats:hatbag_summer":1},"minecraft:used":{"cgm:shotgun":68,"minecraft:grass_block":121,"cgm:pistol":56,"horror_element_mod:spiked_body":1,"horror_element_mod:villager_head":1,"cgm:stun_grenade":6,"horror_element_mod:spiked_villager":1,"cgm:grenade_launcher":10,"securitycraft:reinforced_cauldron":1,"cgm:bazooka":16,"cgm:mini_gun":81,"cgm:heavy_rifle":10},"minecraft:killed_by":{"minecraft:player":2},"minecraft:dropped":{"cgm:shotgun":1,"simplehats:baseballhatjuly":1,"cgm:stun_grenade":1}},"DataVersion":3120}