{"stats":{"minecraft:killed_by":{"minecraft:creeper":2,"minecraft:spider":2,"minecraft:zombie":2},"minecraft:killed":{"minecraft:skeleton":1,"minecraft:sheep":1,"minecraft:horse":2,"minecraft:salmon":1,"minecraft:spider":1},"minecraft:custom":{"minecraft:time_since_rest":1433,"minecraft:sprint_one_cm":77749,"minecraft:damage_taken":1675,"minecraft:walk_one_cm":66689,"minecraft:mob_kills":6,"minecraft:drop":1,"minecraft:damage_dealt":920,"minecraft:interact_with_crafting_table":7,"minecraft:swim_one_cm":2364,"minecraft:fly_one_cm":132670,"minecraft:crouch_one_cm":1364,"minecraft:play_one_minute":32755,"minecraft:deaths":6,"minecraft:sneak_time":419,"minecraft:walk_under_water_one_cm":2176,"minecraft:jump":644,"minecraft:walk_on_water_one_cm":3179,"minecraft:time_since_death":1401,"minecraft:fall_one_cm":14382},"minecraft:dropped":{"minecraft:wheat_seeds":2},"minecraft:mined":{"minecraft:large_fern":1,"minecraft:spruce_log":6,"minecraft:crafting_table":2,"minecraft:grass":4,"minecraft:grass_block":3,"minecraft:coal_ore":8,"minecraft:oak_log":14,"minecraft:dirt":3,"minecraft:tall_grass":2,"minecraft:spruce_leaves":10,"minecraft:stone":25,"minecraft:sugar_cane":3,"minecraft:oak_leaves":1},"minecraft:used":{"minecraft:stone_pickaxe":30,"minecraft:wooden_pickaxe":14,"minecraft:rotten_flesh":1,"minecraft:salmon":1,"minecraft:stone_axe":30,"minecraft:torch":1,"minecraft:mutton":1,"minecraft:crafting_table":2},"minecraft:crafted":{"minecraft:oak_planks":56,"minecraft:crafting_table":2,"minecraft:spruce_planks":24,"minecraft:stick":20,"minecraft:wooden_pickaxe":2,"minecraft:stone_pickaxe":2,"minecraft:furnace":1,"minecraft:torch":4,"minecraft:stone_axe":2},"minecraft:picked_up":{"minecraft:stick":23,"minecraft:crafting_table":2,"minecraft:salmon":1,"minecraft:leather":2,"minecraft:wooden_pickaxe":2,"minecraft:oak_log":14,"minecraft:spruce_log":6,"minecraft:dirt":5,"minecraft:bone":1,"minecraft:arrow":2,"minecraft:rotten_flesh":1,"minecraft:wheat_seeds":2,"minecraft:spruce_planks":11,"minecraft:stone_pickaxe":2,"minecraft:oak_sapling":1,"minecraft:sugar_cane":4,"minecraft:mutton":1,"minecraft:coal":8,"minecraft:white_wool":1,"minecraft:cobblestone":45,"minecraft:furnace":2}},"DataVersion":2586}