{"stats":{"minecraft:killed_by":{"minecraft:zombie":1,"minecraft:creeper":2},"minecraft:custom":{"minecraft:jump":104,"minecraft:time_since_rest":3805,"minecraft:damage_dealt":90,"minecraft:crouch_one_cm":162,"minecraft:play_one_minute":8755,"minecraft:deaths":3,"minecraft:damage_taken":1050,"minecraft:sprint_one_cm":13130,"minecraft:walk_on_water_one_cm":879,"minecraft:time_since_death":3071,"minecraft:walk_one_cm":9191,"minecraft:sneak_time":31,"minecraft:walk_under_water_one_cm":79,"minecraft:swim_one_cm":565,"minecraft:fall_one_cm":2299,"minecraft:fly_one_cm":26442},"minecraft:mined":{"minecraft:grass":2,"minecraft:grass_block":3,"minecraft:dirt":3,"minecraft:spruce_leaves":2},"minecraft:picked_up":{"minecraft:dirt":5}},"DataVersion":2586}