{"stats":{"minecraft:killed_by":{"minecraft:creeper":2,"minecraft:spider":2,"minecraft:zombie":2},"minecraft:killed":{"minecraft:salmon":1,"minecraft:spider":1,"minecraft:horse":2,"minecraft:sheep":2,"minecraft:skeleton":1,"minecraft:chicken":1,"minecraft:cow":2},"minecraft:custom":{"minecraft:interact_with_furnace":12,"minecraft:mob_kills":10,"minecraft:interact_with_crafting_table":10,"minecraft:play_one_minute":44755,"minecraft:time_since_death":13401,"minecraft:time_since_rest":13433,"minecraft:sprint_one_cm":108587,"minecraft:damage_taken":1795,"minecraft:walk_one_cm":89628,"minecraft:drop":3,"minecraft:damage_dealt":1315,"minecraft:swim_one_cm":2849,"minecraft:fly_one_cm":194797,"minecraft:crouch_one_cm":1945,"minecraft:deaths":6,"minecraft:sneak_time":649,"minecraft:walk_under_water_one_cm":2348,"minecraft:jump":935,"minecraft:walk_on_water_one_cm":3617,"minecraft:fall_one_cm":22265},"minecraft:mined":{"minecraft:crafting_table":4,"minecraft:grass_block":4,"minecraft:tall_grass":2,"minecraft:spruce_leaves":14,"minecraft:sugar_cane":3,"minecraft:large_fern":5,"minecraft:furnace":2,"minecraft:spruce_log":6,"minecraft:grass":5,"minecraft:oak_log":20,"minecraft:coal_ore":8,"minecraft:gravel":2,"minecraft:dirt":3,"minecraft:stone":25,"minecraft:oak_leaves":1},"minecraft:dropped":{"minecraft:gravel":1,"minecraft:wheat_seeds":3},"minecraft:used":{"minecraft:stone_pickaxe":32,"minecraft:wooden_pickaxe":14,"minecraft:rotten_flesh":1,"minecraft:salmon":1,"minecraft:torch":1,"minecraft:mutton":1,"minecraft:crafting_table":2,"minecraft:stone_axe":49,"minecraft:furnace":2,"minecraft:cooked_beef":2},"minecraft:crafted":{"minecraft:cooked_beef":4,"minecraft:oak_planks":80,"minecraft:crafting_table":2,"minecraft:spruce_planks":24,"minecraft:wooden_pickaxe":2,"minecraft:furnace":1,"minecraft:stone_axe":2,"minecraft:air":0,"minecraft:stick":20,"minecraft:iron_ingot":7,"minecraft:stone_pickaxe":2,"minecraft:torch":4},"minecraft:picked_up":{"minecraft:birch_log":1,"minecraft:crafting_table":3,"minecraft:feather":1,"minecraft:chicken":1,"minecraft:salmon":1,"minecraft:leather":5,"minecraft:wooden_pickaxe":2,"minecraft:flint":1,"minecraft:oak_log":20,"minecraft:shield":1,"minecraft:dirt":6,"minecraft:bone":1,"minecraft:wheat_seeds":3,"minecraft:spruce_planks":11,"minecraft:beef":4,"minecraft:stone_pickaxe":2,"minecraft:iron_ore":7,"minecraft:light_gray_wool":1,"minecraft:sugar_cane":4,"minecraft:furnace":5,"minecraft:stick":23,"minecraft:gravel":1,"minecraft:spruce_log":6,"minecraft:arrow":2,"minecraft:rotten_flesh":1,"minecraft:oak_sapling":1,"minecraft:mutton":4,"minecraft:coal":44,"minecraft:white_wool":2,"minecraft:cobblestone":45}},"DataVersion":2586}