{"stats":{"minecraft:killed_by":{"minecraft:creeper":2,"minecraft:zombie":1},"minecraft:killed":{"minecraft:sheep":1,"minecraft:horse":2},"minecraft:custom":{"minecraft:time_since_rest":15805,"minecraft:sprint_one_cm":41858,"minecraft:damage_taken":1050,"minecraft:walk_one_cm":27409,"minecraft:mob_kills":3,"minecraft:drop":1,"minecraft:damage_dealt":613,"minecraft:interact_with_crafting_table":4,"minecraft:swim_one_cm":2364,"minecraft:fly_one_cm":71593,"minecraft:crouch_one_cm":463,"minecraft:play_one_minute":20755,"minecraft:deaths":3,"minecraft:sneak_time":218,"minecraft:walk_under_water_one_cm":120,"minecraft:jump":319,"minecraft:walk_on_water_one_cm":1226,"minecraft:time_since_death":15071,"minecraft:fall_one_cm":6922},"minecraft:mined":{"minecraft:crafting_table":1,"minecraft:grass":4,"minecraft:grass_block":3,"minecraft:oak_log":14,"minecraft:dirt":3,"minecraft:spruce_leaves":2,"minecraft:stone":6,"minecraft:oak_leaves":1},"minecraft:dropped":{"minecraft:wheat_seeds":2},"minecraft:used":{"minecraft:stone_pickaxe":3,"minecraft:wooden_pickaxe":3,"minecraft:rotten_flesh":1,"minecraft:stone_axe":25,"minecraft:mutton":1,"minecraft:crafting_table":1},"minecraft:crafted":{"minecraft:oak_planks":56,"minecraft:crafting_table":1,"minecraft:stick":8,"minecraft:wooden_pickaxe":1,"minecraft:stone_pickaxe":1,"minecraft:stone_axe":1},"minecraft:picked_up":{"minecraft:stick":1,"minecraft:crafting_table":1,"minecraft:leather":2,"minecraft:oak_log":14,"minecraft:dirt":5,"minecraft:rotten_flesh":1,"minecraft:wheat_seeds":2,"minecraft:oak_sapling":1,"minecraft:mutton":1,"minecraft:white_wool":1,"minecraft:cobblestone":6}},"DataVersion":2586}