{"stats":{"minecraft:killed_by":{"minecraft:skeleton":2},"minecraft:killed":{"minecraft:husk":5,"minecraft:spider":2,"minecraft:creeper":1,"minecraft:sheep":1,"minecraft:skeleton":1,"minecraft:cow":4},"minecraft:custom":{"minecraft:interact_with_furnace":9,"minecraft:mob_kills":14,"minecraft:interact_with_crafting_table":21,"minecraft:play_one_minute":61715,"minecraft:time_since_death":16025,"minecraft:time_since_rest":16054,"minecraft:sprint_one_cm":176278,"minecraft:damage_taken":1187,"minecraft:walk_one_cm":72664,"minecraft:damage_dealt":2596,"minecraft:swim_one_cm":44653,"minecraft:fly_one_cm":349033,"minecraft:open_chest":2,"minecraft:crouch_one_cm":8060,"minecraft:deaths":3,"minecraft:sneak_time":3691,"minecraft:walk_under_water_one_cm":16640,"minecraft:jump":1488,"minecraft:walk_on_water_one_cm":27068,"minecraft:fall_one_cm":40415,"minecraft:horse_one_cm":75050},"minecraft:mined":{"minecraft:crafting_table":7,"minecraft:granite":5,"minecraft:acacia_log":7,"minecraft:grass_block":11,"minecraft:dead_bush":21,"minecraft:tall_grass":1,"minecraft:sugar_cane":5,"minecraft:furnace":1,"minecraft:birch_log":7,"minecraft:iron_ore":2,"minecraft:fire":1,"minecraft:lilac":1,"minecraft:birch_leaves":4,"minecraft:andesite":18,"minecraft:oak_log":4,"minecraft:sand":184,"minecraft:dirt":13,"minecraft:stone":131,"minecraft:oak_leaves":10},"minecraft:used":{"minecraft:stone_shovel":183,"minecraft:stone_pickaxe":136,"minecraft:oak_sign":5,"minecraft:wooden_pickaxe":39,"minecraft:rotten_flesh":17,"minecraft:dirt":3,"minecraft:sand":26,"minecraft:crafting_table":7,"minecraft:granite":3,"minecraft:stone_axe":57,"minecraft:birch_button":1,"minecraft:cobblestone":1,"minecraft:furnace":1,"minecraft:cooked_beef":5,"minecraft:experience_bottle":1},"minecraft:broken":{"minecraft:stone_shovel":1},"minecraft:crafted":{"minecraft:cooked_beef":7,"minecraft:oak_planks":16,"minecraft:stone_shovel":3,"minecraft:crafting_table":3,"minecraft:wooden_pickaxe":2,"minecraft:iron_helmet":1,"minecraft:furnace":2,"minecraft:birch_planks":28,"minecraft:stone_axe":3,"minecraft:air":0,"minecraft:iron_boots":1,"minecraft:book":1,"minecraft:stick":16,"minecraft:stone_pickaxe":3,"minecraft:birch_button":1},"minecraft:picked_up":{"minecraft:birch_log":7,"minecraft:crafting_table":8,"minecraft:feather":5,"minecraft:cooked_beef":3,"minecraft:andesite":28,"minecraft:leather":7,"minecraft:wooden_pickaxe":1,"minecraft:oak_log":4,"minecraft:gunpowder":6,"minecraft:dirt":21,"minecraft:string":5,"minecraft:paper":15,"minecraft:bone":3,"minecraft:oak_sign":16,"minecraft:gold_nugget":17,"minecraft:iron_ingot":4,"minecraft:beef":13,"minecraft:stone_pickaxe":1,"minecraft:iron_ore":4,"minecraft:iron_nugget":9,"minecraft:sugar_cane":17,"minecraft:oak_planks":9,"minecraft:furnace":1,"minecraft:book":1,"minecraft:stick":51,"minecraft:acacia_log":7,"minecraft:sand":290,"minecraft:spider_eye":2,"minecraft:arrow":3,"minecraft:rotten_flesh":376,"minecraft:stone_axe":1,"minecraft:iron_helmet":1,"minecraft:granite":6,"minecraft:mutton":2,"minecraft:white_wool":1,"minecraft:cobblestone":148}},"DataVersion":2586}