{"stats":{"minecraft:killed_by":{"minecraft:skeleton":1},"minecraft:killed":{"minecraft:skeleton":1,"minecraft:husk":1,"minecraft:spider":1,"minecraft:creeper":1},"minecraft:custom":{"minecraft:time_since_rest":254,"minecraft:sprint_one_cm":65388,"minecraft:damage_taken":525,"minecraft:walk_one_cm":37102,"minecraft:mob_kills":4,"minecraft:damage_dealt":935,"minecraft:swim_one_cm":411,"minecraft:interact_with_crafting_table":5,"minecraft:fly_one_cm":89647,"minecraft:crouch_one_cm":5209,"minecraft:play_one_minute":19715,"minecraft:deaths":2,"minecraft:sneak_time":1519,"minecraft:walk_under_water_one_cm":51,"minecraft:jump":473,"minecraft:time_since_death":224,"minecraft:walk_on_water_one_cm":232,"minecraft:fall_one_cm":12629},"minecraft:mined":{"minecraft:birch_log":7,"minecraft:fire":1,"minecraft:lilac":1,"minecraft:birch_leaves":2,"minecraft:crafting_table":2,"minecraft:grass_block":11,"minecraft:oak_log":4,"minecraft:dead_bush":21,"minecraft:sand":6,"minecraft:dirt":13,"minecraft:stone":36,"minecraft:sugar_cane":2,"minecraft:oak_leaves":6},"minecraft:used":{"minecraft:stone_shovel":13,"minecraft:stone_pickaxe":14,"minecraft:oak_sign":4,"minecraft:wooden_pickaxe":33,"minecraft:rotten_flesh":5,"minecraft:stone_axe":22,"minecraft:birch_button":1,"minecraft:sand":1,"minecraft:dirt":3,"minecraft:crafting_table":2},"minecraft:crafted":{"minecraft:oak_planks":16,"minecraft:stone_shovel":1,"minecraft:crafting_table":2,"minecraft:stick":16,"minecraft:wooden_pickaxe":2,"minecraft:stone_pickaxe":2,"minecraft:furnace":1,"minecraft:birch_button":1,"minecraft:birch_planks":28,"minecraft:stone_axe":2},"minecraft:picked_up":{"minecraft:birch_log":7,"minecraft:stick":23,"minecraft:crafting_table":2,"minecraft:sand":5,"minecraft:oak_log":4,"minecraft:gunpowder":2,"minecraft:string":1,"minecraft:dirt":21,"minecraft:bone":1,"minecraft:arrow":1,"minecraft:rotten_flesh":130,"minecraft:oak_sign":6,"minecraft:sugar_cane":3,"minecraft:cobblestone":35}},"DataVersion":2586}