{"stats":{"minecraft:killed_by":{"minecraft:skeleton":1},"minecraft:killed":{"minecraft:sheep":1,"minecraft:skeleton":1,"minecraft:husk":1,"minecraft:spider":1,"minecraft:creeper":1,"minecraft:cow":4},"minecraft:custom":{"minecraft:time_since_rest":18254,"minecraft:sprint_one_cm":112811,"minecraft:damage_taken":675,"minecraft:walk_one_cm":51708,"minecraft:mob_kills":9,"minecraft:damage_dealt":1415,"minecraft:swim_one_cm":9731,"minecraft:interact_with_crafting_table":12,"minecraft:fly_one_cm":175916,"minecraft:open_chest":2,"minecraft:crouch_one_cm":6790,"minecraft:play_one_minute":37715,"minecraft:deaths":2,"minecraft:sneak_time":3333,"minecraft:walk_under_water_one_cm":10843,"minecraft:jump":859,"minecraft:time_since_death":18224,"minecraft:walk_on_water_one_cm":17612,"minecraft:fall_one_cm":25776},"minecraft:mined":{"minecraft:iron_ore":2,"minecraft:birch_log":7,"minecraft:fire":1,"minecraft:lilac":1,"minecraft:andesite":15,"minecraft:birch_leaves":2,"minecraft:crafting_table":3,"minecraft:granite":5,"minecraft:grass_block":11,"minecraft:oak_log":4,"minecraft:dead_bush":21,"minecraft:sand":145,"minecraft:dirt":13,"minecraft:stone":130,"minecraft:sugar_cane":5,"minecraft:oak_leaves":7},"minecraft:used":{"minecraft:stone_shovel":144,"minecraft:stone_pickaxe":131,"minecraft:oak_sign":4,"minecraft:wooden_pickaxe":39,"minecraft:rotten_flesh":12,"minecraft:stone_axe":30,"minecraft:birch_button":1,"minecraft:sand":26,"minecraft:dirt":3,"minecraft:cobblestone":1,"minecraft:crafting_table":4,"minecraft:experience_bottle":1},"minecraft:broken":{"minecraft:stone_shovel":1},"minecraft:crafted":{"minecraft:oak_planks":16,"minecraft:stone_shovel":2,"minecraft:crafting_table":3,"minecraft:stick":16,"minecraft:iron_helmet":1,"minecraft:wooden_pickaxe":2,"minecraft:stone_pickaxe":3,"minecraft:furnace":1,"minecraft:birch_button":1,"minecraft:birch_planks":28,"minecraft:stone_axe":3},"minecraft:picked_up":{"minecraft:birch_log":7,"minecraft:stick":40,"minecraft:crafting_table":4,"minecraft:andesite":14,"minecraft:leather":4,"minecraft:wooden_pickaxe":1,"minecraft:sand":132,"minecraft:oak_log":4,"minecraft:gunpowder":4,"minecraft:string":2,"minecraft:dirt":21,"minecraft:bone":2,"minecraft:arrow":2,"minecraft:rotten_flesh":255,"minecraft:oak_sign":8,"minecraft:beef":10,"minecraft:granite":3,"minecraft:iron_ore":2,"minecraft:sugar_cane":10,"minecraft:mutton":2,"minecraft:oak_planks":9,"minecraft:white_wool":1,"minecraft:cobblestone":127}},"DataVersion":2586}