{"stats":{"minecraft:killed_by":{"minecraft:creeper":1,"minecraft:spider":1},"minecraft:killed":{"minecraft:pig":1,"minecraft:spider":1,"minecraft:sheep":2,"minecraft:zombie":2,"minecraft:chicken":2,"minecraft:cow":5},"minecraft:custom":{"minecraft:interact_with_furnace":26,"minecraft:mob_kills":13,"minecraft:interact_with_crafting_table":19,"minecraft:play_one_minute":52847,"minecraft:leave_game":3,"minecraft:time_since_death":38930,"minecraft:climb_one_cm":1936,"minecraft:time_since_rest":38968,"minecraft:sprint_one_cm":126222,"minecraft:damage_taken":710,"minecraft:walk_one_cm":81097,"minecraft:drop":1,"minecraft:damage_dealt":1420,"minecraft:swim_one_cm":3561,"minecraft:fly_one_cm":195772,"minecraft:crouch_one_cm":11176,"minecraft:deaths":2,"minecraft:sneak_time":5849,"minecraft:walk_under_water_one_cm":875,"minecraft:jump":990,"minecraft:walk_on_water_one_cm":2758,"minecraft:fall_one_cm":25478},"minecraft:dropped":{"minecraft:wooden_pickaxe":1},"minecraft:mined":{"minecraft:crafting_table":6,"minecraft:granite":3,"minecraft:grass_block":4,"minecraft:poppy":1,"minecraft:tall_grass":2,"minecraft:cobblestone":2,"minecraft:tall_seagrass":2,"minecraft:furnace":2,"minecraft:iron_ore":36,"minecraft:andesite":1,"minecraft:birch_leaves":1,"minecraft:grass":24,"minecraft:oak_log":63,"minecraft:coal_ore":137,"minecraft:vine":5,"minecraft:gravel":2,"minecraft:dirt":10,"minecraft:stone":172,"minecraft:oak_leaves":21},"minecraft:used":{"minecraft:stone_pickaxe":336,"minecraft:wooden_pickaxe":16,"minecraft:torch":4,"minecraft:dirt":1,"minecraft:crafting_table":7,"minecraft:iron_axe":67,"minecraft:iron_pickaxe":4,"minecraft:stone_axe":53,"minecraft:cobblestone":50,"minecraft:furnace":2,"minecraft:bucket":1,"minecraft:cooked_beef":5},"minecraft:broken":{"minecraft:stone_pickaxe":1},"minecraft:crafted":{"minecraft:cooked_beef":11,"minecraft:oak_planks":132,"minecraft:crafting_table":3,"minecraft:wooden_pickaxe":2,"minecraft:iron_helmet":1,"minecraft:cooked_chicken":2,"minecraft:furnace":2,"minecraft:bucket":1,"minecraft:stone_axe":2,"minecraft:air":0,"minecraft:iron_boots":1,"minecraft:iron_chestplate":1,"minecraft:shield":1,"minecraft:iron_axe":1,"minecraft:stick":24,"minecraft:iron_ingot":36,"minecraft:iron_pickaxe":1,"minecraft:stone_pickaxe":3,"minecraft:iron_leggings":1,"minecraft:torch":16},"minecraft:picked_up":{"minecraft:crafting_table":6,"minecraft:feather":2,"minecraft:chicken":2,"minecraft:andesite":1,"minecraft:leather":7,"minecraft:oak_log":61,"minecraft:dirt":14,"minecraft:wheat_seeds":3,"minecraft:beef":14,"minecraft:iron_ore":36,"minecraft:poppy":1,"minecraft:egg":1,"minecraft:furnace":2,"minecraft:stick":4,"minecraft:gravel":2,"minecraft:porkchop":3,"minecraft:spider_eye":1,"minecraft:rotten_flesh":2,"minecraft:granite":3,"minecraft:oak_sapling":2,"minecraft:mutton":3,"minecraft:coal":200,"minecraft:white_wool":2,"minecraft:cobblestone":174}},"DataVersion":2586}