{"stats":{"minecraft:killed_by":{"minecraft:skeleton":1},"minecraft:killed":{"minecraft:chicken":1},"minecraft:custom":{"minecraft:time_since_rest":13393,"minecraft:interact_with_furnace":1,"minecraft:sprint_one_cm":24060,"minecraft:damage_taken":250,"minecraft:walk_one_cm":17371,"minecraft:mob_kills":1,"minecraft:damage_dealt":56,"minecraft:interact_with_crafting_table":7,"minecraft:fly_one_cm":37597,"minecraft:crouch_one_cm":5522,"minecraft:play_one_minute":16783,"minecraft:deaths":1,"minecraft:sneak_time":3224,"minecraft:walk_under_water_one_cm":139,"minecraft:jump":153,"minecraft:leave_game":1,"minecraft:time_since_death":13364,"minecraft:walk_on_water_one_cm":365,"minecraft:fall_one_cm":6792},"minecraft:mined":{"minecraft:large_fern":1,"minecraft:iron_ore":16,"minecraft:spruce_log":6,"minecraft:crafting_table":1,"minecraft:granite":2,"minecraft:grass":2,"minecraft:grass_block":3,"minecraft:coal_ore":42,"minecraft:oak_log":5,"minecraft:dirt":4,"minecraft:tall_grass":1,"minecraft:stone":46},"minecraft:used":{"minecraft:stone_pickaxe":103,"minecraft:wooden_pickaxe":5,"minecraft:stone_axe":3,"minecraft:dirt":2,"minecraft:crafting_table":3},"minecraft:crafted":{"minecraft:oak_planks":20,"minecraft:crafting_table":2,"minecraft:stick":12,"minecraft:spruce_planks":24,"minecraft:wooden_pickaxe":2,"minecraft:stone_pickaxe":1,"minecraft:stone_axe":1},"minecraft:picked_up":{"minecraft:crafting_table":3,"minecraft:feather":2,"minecraft:chicken":1,"minecraft:wooden_pickaxe":1,"minecraft:oak_log":5,"minecraft:spruce_log":6,"minecraft:shield":1,"minecraft:dirt":7,"minecraft:granite":2,"minecraft:iron_ore":16,"minecraft:coal":42,"minecraft:cobblestone":46}},"DataVersion":2586}