{"stats":{"minecraft:killed_by":{"minecraft:player":5},"minecraft:picked_up":{"minecraft:barrier":1,"simplehats:julydouble":1,"minecraft:oak_log":3,"minecraft:gunpowder":3,"minecraft:string":3,"minecraft:dirt":437,"minecraft:lantern":3,"cgm:grenade":3,"minecraft:wheat_seeds":4,"minecraft:dark_oak_leaves":3,"minecraft:spruce_planks":4,"cgm:mini_gun":1,"securitycraft:bucket_f_lava":1,"minecraft:spruce_slab":3,"cgm:bazooka":3,"securitycraft:reinforced_oak_log":4,"minecraft:iron_sword":1,"minecraft:spruce_trapdoor":3,"simplehats:baseballhatjuly":2,"simplehats:beaniejuly":1,"simplehats:hatbag_common":1,"minecraft:sand":48,"minecraft:white_bed":1,"minecraft:grass_block":4,"railways:light_blue_conductor_cap":2,"simplehats:sprout":1,"cgm:shell":1,"cgm:pistol":1,"create:brass_hand":1,"minecraft:arrow":1,"simplehats:palmtree":4,"minecraft:rotten_flesh":4,"create:ochrum":12,"minecraft:deepslate_bricks":3,"railways:wooden_headstock_split_knuckle_coupler":1,"create:track":6,"cgm:assault_rifle":1,"farmersdelight:hamburger":1,"minecraft:granite":1,"farmersdelight:bacon_sandwich":1,"simplehats:fireworks":2,"minecraft:bread":64,"simplehats:dangeresquejuly":2,"minecraft:oak_sapling":1,"minecraft:cobblestone":162},"minecraft:dropped":{"minecraft:anvil":1,"simplehats:redstache":1,"minecraft:mud_brick_slab":1,"minecraft:oak_log":1,"simplehats:julydouble":1,"railways:light_blue_conductor_cap":3,"simplehats:dangeresquejuly":2,"simplehats:sprout":1,"farmersdelight:bacon_sandwich":1,"cgm:mini_gun":3,"simplehats:baseballhatjuly":2,"minecraft:granite":1,"minecraft:white_bed":1,"minecraft:grass_block":3,"create:brass_hand":1,"minecraft:dirt":9,"simplehats:beaniejuly":1,"simplehats:hatbag_summer":1,"simplehats:traffic_cone":1,"simplehats:sunglasses":1,"simplehats:fireworks":2,"simplehats:palmtree":4,"cgm:shell":2,"railways:wooden_headstock_split_knuckle_coupler":2},"minecraft:custom":{"minecraft:interact_with_anvil":10,"minecraft:mob_kills":17,"minecraft:leave_game":3,"minecraft:time_since_death":0,"minecraft:climb_one_cm":6744,"minecraft:time_since_rest":1084,"minecraft:sprint_one_cm":170535,"minecraft:damage_taken":1465,"minecraft:walk_one_cm":270278,"minecraft:drop":46,"minecraft:damage_dealt":1710,"minecraft:swim_one_cm":7604,"minecraft:fly_one_cm":826386,"minecraft:player_kills":2,"minecraft:crouch_one_cm":15242,"minecraft:play_time":146202,"minecraft:deaths":7,"minecraft:sneak_time":6208,"minecraft:walk_under_water_one_cm":36840,"minecraft:boat_one_cm":8633,"minecraft:jump":1058,"minecraft:walk_on_water_one_cm":7755,"minecraft:total_world_time":146202,"minecraft:fall_one_cm":2472},"minecraft:killed":{"minecraft:creeper":2,"minecraft:zombie":13,"minecraft:villager":2},"minecraft:used":{"cfm:stripped_birch_chair":5,"cfm:stripped_birch_table":4,"railways:handcar":5,"minecraft:spruce_slab":154,"cgm:pistol":34,"railways:gray_iron_wrapped_locometal_boiler":12,"minecraft:polished_andesite":1,"minecraft:netherite_chestplate":1,"minecraft:mud_brick_slab":100,"minecraft:spruce_planks":65,"minecraft:iron_sword":8,"minecraft:zombie_spawn_egg":12,"railways:track_create_andesite_narrow":1,"railways:iron_wrapped_locometal_boiler":4,"railways:brass_wrapped_locometal":6,"railways:track_tieless_narrow":1,"railways:track_coupler":2,"minecraft:dirt":1,"minecraft:anvil":3,"minecraft:netherite_leggings":1,"railways:track_create_andesite_wide":5,"minecraft:spruce_stairs":28,"minecraft:netherite_helmet":1,"cgm:bazooka":26,"minecraft:spruce_fence":4,"minecraft:granite":3,"minecraft:mud_brick_stairs":38,"minecraft:nether_brick_stairs":2,"minecraft:spruce_log":3,"minecraft:oak_log":3,"railways:black_flat_riveted_locometal":15,"create:track":12,"railways:buffer":1,"chipped:botanist_workbench":1,"railways:light_blue_conductor_cap":1,"chipped:glassblower":1,"minecraft:grass_block":502,"minecraft:bread":2,"minecraft:barrier":2,"railways:iron_wrapped_locometal":2,"minecraft:dark_oak_leaves":75,"minecraft:mud_bricks":65,"cgm:assault_rifle":45,"securitycraft:bucket_f_water":1,"minecraft:netherite_boots":1,"minecraft:oak_sapling":8,"minecraft:dark_oak_fence":72,"cgm:mini_gun":1079,"securitycraft:reinforced_oak_log":40,"railways:black_plated_locometal":7,"cgm:heavy_rifle":7,"farmersdelight:hamburger":9}},"DataVersion":3120}