{"stats":{"minecraft:killed_by":{"minecraft:creeper":1,"minecraft:spider":1},"minecraft:killed":{"minecraft:zombie":1,"minecraft:chicken":2,"minecraft:spider":1,"minecraft:cow":5},"minecraft:custom":{"minecraft:time_since_rest":27258,"minecraft:interact_with_furnace":26,"minecraft:sprint_one_cm":58025,"minecraft:damage_taken":710,"minecraft:walk_one_cm":66759,"minecraft:mob_kills":9,"minecraft:drop":1,"minecraft:damage_dealt":960,"minecraft:swim_one_cm":1039,"minecraft:interact_with_crafting_table":19,"minecraft:fly_one_cm":91019,"minecraft:crouch_one_cm":10778,"minecraft:play_one_minute":41137,"minecraft:deaths":2,"minecraft:sneak_time":5581,"minecraft:walk_under_water_one_cm":724,"minecraft:jump":588,"minecraft:leave_game":1,"minecraft:time_since_death":27220,"minecraft:walk_on_water_one_cm":1236,"minecraft:fall_one_cm":14034},"minecraft:dropped":{"minecraft:wooden_pickaxe":1},"minecraft:mined":{"minecraft:iron_ore":36,"minecraft:birch_leaves":1,"minecraft:andesite":1,"minecraft:crafting_table":5,"minecraft:granite":3,"minecraft:grass":9,"minecraft:grass_block":4,"minecraft:oak_log":35,"minecraft:coal_ore":137,"minecraft:poppy":1,"minecraft:gravel":2,"minecraft:dirt":10,"minecraft:tall_grass":2,"minecraft:stone":172,"minecraft:oak_leaves":13},"minecraft:used":{"minecraft:stone_pickaxe":336,"minecraft:wooden_pickaxe":16,"minecraft:torch":3,"minecraft:stone_axe":53,"minecraft:dirt":1,"minecraft:cobblestone":50,"minecraft:crafting_table":7,"minecraft:furnace":2,"minecraft:cooked_beef":3},"minecraft:broken":{"minecraft:stone_pickaxe":1},"minecraft:crafted":{"minecraft:cooked_beef":11,"minecraft:oak_planks":132,"minecraft:iron_boots":1,"minecraft:iron_chestplate":1,"minecraft:shield":1,"minecraft:iron_axe":1,"minecraft:crafting_table":3,"minecraft:cooked_chicken":2,"minecraft:stick":24,"minecraft:iron_pickaxe":1,"minecraft:iron_helmet":1,"minecraft:iron_ingot":36,"minecraft:wooden_pickaxe":2,"minecraft:stone_pickaxe":3,"minecraft:iron_leggings":1,"minecraft:furnace":2,"minecraft:bucket":1,"minecraft:torch":16,"minecraft:stone_axe":2,"minecraft:air":0},"minecraft:picked_up":{"minecraft:stick":4,"minecraft:crafting_table":5,"minecraft:feather":2,"minecraft:chicken":2,"minecraft:andesite":1,"minecraft:leather":7,"minecraft:gravel":2,"minecraft:oak_log":33,"minecraft:spider_eye":1,"minecraft:dirt":14,"minecraft:rotten_flesh":2,"minecraft:wheat_seeds":2,"minecraft:granite":3,"minecraft:beef":14,"minecraft:iron_ore":36,"minecraft:poppy":1,"minecraft:coal":137,"minecraft:cobblestone":172,"minecraft:egg":1}},"DataVersion":2586}