{"stats":{"minecraft:killed":{"minecraft:creeper":1,"minecraft:zombie":13,"minecraft:villager":2},"minecraft:custom":{"minecraft:interact_with_anvil":10,"minecraft:mob_kills":16,"minecraft:leave_game":2,"minecraft:time_since_death":14902,"minecraft:climb_one_cm":6744,"minecraft:time_since_rest":14958,"minecraft:damage_taken":1040,"minecraft:sprint_one_cm":97097,"minecraft:walk_one_cm":126854,"minecraft:drop":41,"minecraft:damage_dealt":1610,"minecraft:swim_one_cm":5596,"minecraft:fly_one_cm":325102,"minecraft:player_kills":2,"minecraft:crouch_one_cm":3813,"minecraft:play_time":74006,"minecraft:deaths":5,"minecraft:sneak_time":2352,"minecraft:walk_under_water_one_cm":15570,"minecraft:boat_one_cm":8633,"minecraft:jump":570,"minecraft:walk_on_water_one_cm":7058,"minecraft:total_world_time":74006,"minecraft:fall_one_cm":2472},"minecraft:picked_up":{"simplehats:julydouble":1,"minecraft:gunpowder":1,"minecraft:dirt":41,"cgm:mini_gun":1,"minecraft:iron_sword":1,"simplehats:baseballhatjuly":2,"simplehats:beaniejuly":1,"minecraft:white_bed":1,"minecraft:grass_block":1,"railways:light_blue_conductor_cap":2,"cgm:shell":1,"cgm:pistol":1,"simplehats:palmtree":4,"minecraft:rotten_flesh":4,"railways:wooden_headstock_split_knuckle_coupler":1,"cgm:assault_rifle":1,"farmersdelight:hamburger":1,"minecraft:granite":1,"farmersdelight:bacon_sandwich":1,"simplehats:fireworks":2,"minecraft:bread":64,"simplehats:dangeresquejuly":2,"minecraft:oak_sapling":1},"minecraft:used":{"cfm:stripped_birch_chair":5,"cfm:stripped_birch_table":4,"cgm:pistol":34,"railways:gray_iron_wrapped_locometal_boiler":12,"minecraft:netherite_chestplate":1,"minecraft:iron_sword":8,"minecraft:zombie_spawn_egg":12,"railways:iron_wrapped_locometal_boiler":4,"minecraft:dirt":1,"minecraft:anvil":3,"minecraft:netherite_leggings":1,"minecraft:netherite_helmet":1,"cgm:bazooka":9,"minecraft:granite":3,"railways:black_flat_riveted_locometal":15,"railways:light_blue_conductor_cap":1,"minecraft:grass_block":112,"minecraft:bread":2,"cgm:assault_rifle":45,"securitycraft:bucket_f_water":1,"minecraft:netherite_boots":1,"minecraft:oak_sapling":8,"cgm:mini_gun":1079,"railways:black_plated_locometal":6,"cgm:heavy_rifle":7,"farmersdelight:hamburger":9},"minecraft:killed_by":{"minecraft:player":4},"minecraft:dropped":{"minecraft:anvil":1,"simplehats:redstache":1,"simplehats:julydouble":1,"railways:light_blue_conductor_cap":3,"simplehats:dangeresquejuly":2,"cgm:mini_gun":3,"farmersdelight:bacon_sandwich":1,"simplehats:baseballhatjuly":2,"minecraft:granite":1,"minecraft:white_bed":1,"minecraft:grass_block":2,"minecraft:dirt":9,"simplehats:beaniejuly":1,"simplehats:hatbag_summer":1,"simplehats:traffic_cone":1,"simplehats:sunglasses":1,"simplehats:fireworks":2,"simplehats:palmtree":4,"cgm:shell":2,"railways:wooden_headstock_split_knuckle_coupler":2}},"DataVersion":3120}