{"stats":{"minecraft:custom":{"minecraft:time_since_rest":5946,"minecraft:play_one_minute":5946,"minecraft:crouch_one_cm":1845,"minecraft:sprint_one_cm":7905,"minecraft:damage_taken":150,"minecraft:walk_one_cm":9025,"minecraft:sneak_time":1229,"minecraft:drop":1,"minecraft:jump":65,"minecraft:damage_dealt":10,"minecraft:time_since_death":5946,"minecraft:interact_with_crafting_table":4,"minecraft:fall_one_cm":1734,"minecraft:fly_one_cm":10867},"minecraft:dropped":{"minecraft:wooden_pickaxe":1},"minecraft:mined":{"minecraft:coal_ore":40,"minecraft:oak_log":6,"minecraft:stone":9,"minecraft:crafting_table":1,"minecraft:oak_leaves":1},"minecraft:used":{"minecraft:stone_axe":1,"minecraft:crafting_table":1,"minecraft:stone_pickaxe":46,"minecraft:wooden_pickaxe":3},"minecraft:crafted":{"minecraft:oak_planks":20,"minecraft:stone_axe":1,"minecraft:crafting_table":1,"minecraft:stick":8,"minecraft:wooden_pickaxe":1,"minecraft:stone_pickaxe":1},"minecraft:picked_up":{"minecraft:crafting_table":1,"minecraft:oak_log":5,"minecraft:coal":40,"minecraft:cobblestone":9}},"DataVersion":2586}