{"stats":{"minecraft:killed_by":{"minecraft:player":6},"minecraft:picked_up":{"minecraft:chiseled_deepslate":1,"simplehats:julydouble":1,"createdeco:cast_iron_catwalk_stairs":1,"create:metal_bracket":9,"create:wrench":1,"create:handheld_worldshaper":1,"minecraft:polished_deepslate":1,"minecraft:string":3,"framedblocks:framed_half_pillar":2,"minecraft:elytra":1,"framedblocks:framed_panel":1,"minecraft:deepslate_tiles":1,"cgm:mini_gun":1,"minecraft:bucket":2,"minecraft:dark_oak_leaves":3,"minecraft:spruce_planks":4,"create:basin":1,"securitycraft:reinforced_oak_log":4,"minecraft:spruce_slab":3,"cgm:bazooka":3,"createdeco:blue_placard":4,"minecraft:spruce_trapdoor":4,"bellsandwhistles:headlight":4,"create:spruce_window":1,"create:railway_casing":2,"simplehats:hatbag_common":1,"minecraft:polished_deepslate_stairs":2,"minecraft:stone_button":1,"create:brass_casing":2,"minecraft:dark_oak_planks":1,"createdeco:yellow_netherite_lamp":1,"create:industrial_iron_block":2,"minecraft:arrow":1,"minecraft:rotten_flesh":4,"chipped:smooth_red_concrete":1,"cgm:assault_rifle":1,"create:track":10,"railways:wooden_headstock_split_knuckle_coupler":1,"create:ochrum":12,"minecraft:deepslate_bricks":3,"farmersdelight:hamburger":1,"minecraft:stripped_dark_oak_wood":1,"farmersdelight:bacon_sandwich":1,"framedblocks:framed_button":1,"minecraft:deepslate_brick_stairs":1,"minecraft:cobblestone":162,"create:copycat_step":1,"create:brown_seat":1,"minecraft:barrier":1,"railways:brass_wrapped_locometal":1,"minecraft:water_bucket":2,"minecraft:oak_log":3,"farmersdelight:roast_chicken_block":1,"chipped:smooth_white_concrete":1,"framedblocks:framed_slab":1,"minecraft:gunpowder":3,"minecraft:deepslate_tile_slab":1,"minecraft:dirt":472,"minecraft:lantern":3,"cgm:grenade":3,"bellsandwhistles:andesite_grab_rails":1,"minecraft:kelp":138,"minecraft:wheat_seeds":6,"chipped:white_concrete_panel":1,"securitycraft:security_camera":1,"create:metal_girder":2,"securitycraft:bucket_f_lava":1,"create:goggles":1,"create:shaft":3,"create:netherite_diving_boots":1,"create:super_glue":1,"minecraft:iron_sword":1,"simplehats:baseballhatjuly":2,"simplehats:beaniejuly":1,"chipped:red_concrete_panel":1,"minecraft:sand":48,"create:copycat_panel":66,"minecraft:white_bed":1,"minecraft:grass_block":7,"railways:light_blue_conductor_cap":2,"simplehats:sprout":1,"chipped:firewood_spruce_log":1,"cgm:shell":1,"cgm:pistol":1,"create:brass_hand":1,"minecraft:firework_rocket":1,"simplehats:palmtree":4,"minecraft:diamond_axe":1,"minecraft:granite":1,"simplehats:fireworks":2,"minecraft:bread":64,"simplehats:dangeresquejuly":2,"minecraft:oak_sapling":1,"create:andesite_ladder":1},"minecraft:dropped":{"minecraft:water_bucket":3,"simplehats:redstache":1,"minecraft:diamond_axe":1,"minecraft:mud_brick_slab":1,"railways:light_blue_conductor_cap":3,"minecraft:oak_log":1,"simplehats:dangeresquejuly":2,"simplehats:sprout":1,"securitycraft:security_camera":1,"cgm:mini_gun":3,"farmersdelight:bacon_sandwich":1,"simplehats:baseballhatjuly":2,"minecraft:granite":1,"minecraft:elytra":1,"minecraft:grass_block":7,"framedblocks:framed_half_pillar":2,"bellsandwhistles:polished_scoria_pilot":1,"create:brass_hand":1,"minecraft:dirt":9,"simplehats:beaniejuly":1,"cgm:weighted_stock":1,"simplehats:hatbag_summer":1,"simplehats:palmtree":4,"cgm:shell":2,"railways:brass_wrapped_locometal":1,"railways:wooden_headstock_split_knuckle_coupler":2,"minecraft:anvil":1,"cgm:pistol":1,"bellsandwhistles:andesite_grab_rails":1,"simplehats:julydouble":1,"railways:plated_locometal":1,"minecraft:white_bed":1,"minecraft:polished_deepslate_stairs":1,"cgm:bazooka":1,"simplehats:traffic_cone":1,"simplehats:sunglasses":1,"simplehats:fireworks":2},"minecraft:custom":{"minecraft:interact_with_anvil":10,"minecraft:mob_kills":17,"minecraft:bell_ring":1,"minecraft:leave_game":5,"minecraft:time_since_death":123853,"minecraft:climb_one_cm":7402,"minecraft:sprint_one_cm":400448,"minecraft:walk_one_cm":553053,"minecraft:drop":66,"minecraft:play_time":351973,"minecraft:deaths":8,"minecraft:sneak_time":11678,"minecraft:walk_under_water_one_cm":50289,"minecraft:boat_one_cm":8633,"minecraft:jump":2208,"minecraft:walk_on_water_one_cm":13201,"minecraft:total_world_time":351973,"minecraft:time_since_rest":123881,"minecraft:damage_taken":1669,"minecraft:damage_dealt":1852,"minecraft:fly_one_cm":1529073,"minecraft:swim_one_cm":16052,"minecraft:player_kills":4,"minecraft:crouch_one_cm":24834,"minecraft:fall_one_cm":2683},"minecraft:mined":{"chipped:firewood_spruce_log":1},"minecraft:killed":{"minecraft:creeper":2,"minecraft:zombie":13,"minecraft:villager":2},"minecraft:used":{"framedblocks:framed_half_pillar":4,"cfm:stripped_birch_chair":5,"create:brass_casing":1,"cfm:stripped_birch_table":4,"railways:handcar":5,"minecraft:polished_deepslate":2,"minecraft:chiseled_deepslate":2,"framedblocks:framed_slab":17,"minecraft:spruce_slab":154,"minecraft:spruce_planks":75,"minecraft:iron_sword":8,"minecraft:zombie_spawn_egg":12,"createdeco:blue_placard":6,"railways:iron_wrapped_locometal_boiler":4,"minecraft:dirt":4,"railways:plated_locometal":1,"minecraft:anvil":3,"minecraft:spruce_stairs":28,"create:copycat_panel":160,"minecraft:deepslate_tile_slab":32,"minecraft:spruce_fence":4,"minecraft:granite":3,"create:metal_girder":3,"minecraft:mud_brick_stairs":38,"minecraft:nether_brick_stairs":2,"createdeco:yellow_netherite_lamp":2,"minecraft:dark_oak_planks":27,"railways:black_flat_riveted_locometal":15,"railways:smokestack_caboosestyle":1,"minecraft:stripped_dark_oak_wood":11,"bellsandwhistles:headlight":4,"railways:light_blue_conductor_cap":1,"chipped:glassblower":1,"minecraft:grass_block":648,"create:metal_bracket":3,"chipped:solid_dark_oak_trapdoor":13,"create:copycat_step":11,"minecraft:dark_oak_leaves":75,"framedblocks:framed_panel":31,"minecraft:mud_bricks":65,"chipped:smooth_white_concrete":2,"minecraft:netherite_boots":1,"minecraft:bedrock":2,"minecraft:red_carpet":12,"create:shaft":8,"minecraft:oak_sapling":8,"create:industrial_iron_block":49,"bellsandwhistles:polished_crimsite_pilot":2,"bellsandwhistles:polished_asurine_pilot":3,"chipped:vertically_railed_dark_oak_planks":3,"cgm:heavy_rifle":7,"farmersdelight:hamburger":9,"create:handheld_worldshaper":1,"minecraft:dark_oak_stairs":16,"minecraft:water_bucket":3,"securitycraft:reinforced_oak_planks":3,"cgm:pistol":63,"railways:gray_iron_wrapped_locometal_boiler":12,"minecraft:polished_andesite":1,"minecraft:netherite_chestplate":1,"minecraft:mud_brick_slab":100,"create:train_door":3,"createdeco:cast_iron_catwalk_stairs":5,"railways:smokestack_woodburner":1,"create:red_seat":12,"railways:track_create_andesite_narrow":1,"minecraft:diamond_axe":1,"railways:brass_wrapped_locometal":10,"railways:track_tieless_narrow":1,"railways:track_coupler":2,"chipped:polished_deepslate":1,"create:track_station":4,"minecraft:netherite_leggings":1,"railways:track_create_andesite_wide":5,"minecraft:netherite_helmet":1,"cgm:bazooka":33,"chipped:firewood_spruce_log":5,"minecraft:spruce_log":3,"minecraft:deepslate_brick_stairs":2,"minecraft:deepslate_tiles":1,"minecraft:oak_log":3,"create:track":12,"railways:buffer":1,"framedblocks:framed_fancy_detector_rail_slope":1,"chipped:botanist_workbench":1,"minecraft:stone_button":4,"minecraft:barrier":2,"minecraft:bread":2,"railways:iron_wrapped_locometal":35,"railways:smokestack_oilburner":1,"minecraft:spruce_trapdoor":8,"cgm:assault_rifle":328,"securitycraft:bucket_f_water":1,"create:basin":4,"bellsandwhistles:andesite_grab_rails":2,"minecraft:dark_oak_fence":72,"minecraft:bucket":4,"cgm:mini_gun":1395,"railways:black_plated_locometal":7,"securitycraft:reinforced_oak_log":42}},"DataVersion":3120}