{"stats":{"minecraft:custom":{"minecraft:jump":6,"minecraft:time_since_rest":1477,"minecraft:crouch_one_cm":282,"minecraft:play_one_minute":1477,"minecraft:leave_game":1,"minecraft:sprint_one_cm":1642,"minecraft:walk_on_water_one_cm":116,"minecraft:time_since_death":1477,"minecraft:walk_one_cm":1410,"minecraft:sneak_time":539,"minecraft:fly_one_cm":959},"minecraft:mined":{"minecraft:spruce_log":6},"minecraft:crafted":{"minecraft:spruce_planks":24},"minecraft:picked_up":{"minecraft:spruce_log":6}},"DataVersion":2586}