{"stats":{"minecraft:killed_by":{"minecraft:player":1},"minecraft:killed":{"minecraft:zombie":13,"minecraft:creeper":1},"minecraft:dropped":{"railways:light_blue_conductor_cap":3,"cgm:mini_gun":2,"minecraft:white_bed":1,"cgm:shell":2,"railways:wooden_headstock_split_knuckle_coupler":2},"minecraft:custom":{"minecraft:time_since_rest":20263,"minecraft:sprint_one_cm":39588,"minecraft:damage_taken":384,"minecraft:walk_one_cm":42143,"minecraft:interact_with_anvil":3,"minecraft:mob_kills":14,"minecraft:drop":10,"minecraft:damage_dealt":1610,"minecraft:swim_one_cm":5596,"minecraft:fly_one_cm":51673,"minecraft:crouch_one_cm":368,"minecraft:play_time":29497,"minecraft:deaths":2,"minecraft:sneak_time":946,"minecraft:walk_under_water_one_cm":2624,"minecraft:jump":365,"minecraft:leave_game":1,"minecraft:walk_on_water_one_cm":1263,"minecraft:time_since_death":20233,"minecraft:climb_one_cm":6744,"minecraft:total_world_time":29497,"minecraft:fall_one_cm":2261},"minecraft:picked_up":{"minecraft:white_bed":1,"minecraft:gunpowder":1,"railways:light_blue_conductor_cap":2,"cgm:shell":1,"minecraft:rotten_flesh":3,"railways:wooden_headstock_split_knuckle_coupler":1,"cgm:mini_gun":1,"minecraft:bread":64,"minecraft:oak_sapling":1,"minecraft:iron_sword":1},"minecraft:used":{"cfm:stripped_birch_chair":5,"cfm:stripped_birch_table":4,"railways:light_blue_conductor_cap":1,"minecraft:bread":2,"minecraft:zombie_spawn_egg":12,"minecraft:iron_sword":8,"minecraft:oak_sapling":8,"cgm:mini_gun":712,"cgm:heavy_rifle":4}},"DataVersion":3120}