{"stats":{"minecraft:killed":{"minecraft:zombie":13,"minecraft:creeper":1},"minecraft:custom":{"minecraft:time_since_rest":3977,"minecraft:sprint_one_cm":46586,"minecraft:walk_one_cm":63686,"minecraft:damage_taken":610,"minecraft:interact_with_anvil":3,"minecraft:mob_kills":14,"minecraft:drop":20,"minecraft:damage_dealt":1610,"minecraft:swim_one_cm":5596,"minecraft:player_kills":1,"minecraft:fly_one_cm":109085,"minecraft:crouch_one_cm":1720,"minecraft:play_time":39393,"minecraft:deaths":3,"minecraft:sneak_time":1412,"minecraft:walk_under_water_one_cm":11826,"minecraft:jump":399,"minecraft:leave_game":1,"minecraft:walk_on_water_one_cm":1556,"minecraft:time_since_death":3944,"minecraft:climb_one_cm":6744,"minecraft:total_world_time":39393,"minecraft:fall_one_cm":2472},"minecraft:picked_up":{"minecraft:gunpowder":1,"minecraft:white_bed":1,"railways:light_blue_conductor_cap":2,"minecraft:dirt":41,"cgm:shell":1,"minecraft:rotten_flesh":3,"railways:wooden_headstock_split_knuckle_coupler":1,"cgm:mini_gun":1,"minecraft:bread":64,"minecraft:oak_sapling":1,"minecraft:iron_sword":1},"minecraft:used":{"cfm:stripped_birch_chair":5,"cfm:stripped_birch_table":4,"railways:light_blue_conductor_cap":1,"minecraft:grass_block":56,"minecraft:bread":2,"minecraft:iron_sword":8,"minecraft:zombie_spawn_egg":12,"minecraft:dirt":1,"minecraft:oak_sapling":8,"cgm:bazooka":6,"cgm:mini_gun":896,"cgm:heavy_rifle":7},"minecraft:killed_by":{"minecraft:player":2},"minecraft:dropped":{"minecraft:dirt":9,"railways:light_blue_conductor_cap":3,"cgm:mini_gun":2,"minecraft:white_bed":1,"minecraft:grass_block":1,"cgm:shell":2,"railways:wooden_headstock_split_knuckle_coupler":2}},"DataVersion":3120}