{"stats":{"minecraft:killed":{"minecraft:cow":1},"minecraft:killed_by":{"minecraft:creeper":1,"minecraft:spider":1},"minecraft:custom":{"minecraft:time_since_rest":4067,"minecraft:sprint_one_cm":30529,"minecraft:damage_taken":550,"minecraft:walk_one_cm":29590,"minecraft:mob_kills":1,"minecraft:drop":1,"minecraft:damage_dealt":120,"minecraft:swim_one_cm":242,"minecraft:interact_with_crafting_table":8,"minecraft:fly_one_cm":55083,"minecraft:crouch_one_cm":7678,"minecraft:play_one_minute":17946,"minecraft:deaths":2,"minecraft:sneak_time":3631,"minecraft:walk_under_water_one_cm":492,"minecraft:jump":279,"minecraft:time_since_death":4029,"minecraft:walk_on_water_one_cm":195,"minecraft:fall_one_cm":6823},"minecraft:dropped":{"minecraft:wooden_pickaxe":1},"minecraft:mined":{"minecraft:iron_ore":15,"minecraft:andesite":1,"minecraft:crafting_table":3,"minecraft:grass":3,"minecraft:grass_block":1,"minecraft:oak_log":16,"minecraft:coal_ore":56,"minecraft:poppy":1,"minecraft:dirt":3,"minecraft:stone":88,"minecraft:oak_leaves":5},"minecraft:used":{"minecraft:stone_pickaxe":144,"minecraft:wooden_pickaxe":16,"minecraft:stone_axe":4,"minecraft:dirt":1,"minecraft:cobblestone":11,"minecraft:crafting_table":4},"minecraft:crafted":{"minecraft:oak_planks":56,"minecraft:crafting_table":3,"minecraft:stick":16,"minecraft:wooden_pickaxe":2,"minecraft:stone_pickaxe":2,"minecraft:torch":8,"minecraft:stone_axe":1},"minecraft:picked_up":{"minecraft:crafting_table":3,"minecraft:andesite":1,"minecraft:oak_log":14,"minecraft:dirt":4,"minecraft:wheat_seeds":1,"minecraft:beef":3,"minecraft:iron_ore":15,"minecraft:poppy":1,"minecraft:coal":56,"minecraft:cobblestone":88}},"DataVersion":2586}