{"stats":{"minecraft:killed":{"minecraft:zombie":13,"minecraft:creeper":1},"minecraft:custom":{"minecraft:time_since_rest":2958,"minecraft:sprint_one_cm":77995,"minecraft:damage_taken":1040,"minecraft:walk_one_cm":105832,"minecraft:mob_kills":14,"minecraft:interact_with_anvil":10,"minecraft:drop":39,"minecraft:damage_dealt":1610,"minecraft:swim_one_cm":5596,"minecraft:fly_one_cm":279543,"minecraft:player_kills":2,"minecraft:crouch_one_cm":1833,"minecraft:play_time":62006,"minecraft:deaths":5,"minecraft:sneak_time":1768,"minecraft:walk_under_water_one_cm":15570,"minecraft:boat_one_cm":8633,"minecraft:jump":484,"minecraft:leave_game":2,"minecraft:time_since_death":2902,"minecraft:walk_on_water_one_cm":4389,"minecraft:climb_one_cm":6744,"minecraft:total_world_time":62006,"minecraft:fall_one_cm":2472},"minecraft:picked_up":{"simplehats:baseballhatjuly":2,"simplehats:julydouble":1,"simplehats:beaniejuly":1,"minecraft:grass_block":1,"minecraft:white_bed":1,"minecraft:gunpowder":1,"railways:light_blue_conductor_cap":2,"minecraft:dirt":41,"cgm:shell":1,"simplehats:palmtree":4,"minecraft:rotten_flesh":4,"railways:wooden_headstock_split_knuckle_coupler":1,"cgm:assault_rifle":1,"cgm:mini_gun":1,"simplehats:fireworks":2,"minecraft:bread":64,"simplehats:dangeresquejuly":2,"minecraft:oak_sapling":1,"minecraft:iron_sword":1},"minecraft:used":{"cfm:stripped_birch_chair":5,"cfm:stripped_birch_table":4,"railways:light_blue_conductor_cap":1,"minecraft:grass_block":111,"minecraft:bread":2,"minecraft:netherite_chestplate":1,"minecraft:iron_sword":8,"minecraft:zombie_spawn_egg":12,"cgm:assault_rifle":45,"minecraft:netherite_boots":1,"minecraft:dirt":1,"minecraft:anvil":3,"minecraft:netherite_leggings":1,"minecraft:oak_sapling":8,"minecraft:netherite_helmet":1,"cgm:bazooka":9,"cgm:mini_gun":1034,"cgm:heavy_rifle":7},"minecraft:killed_by":{"minecraft:player":4},"minecraft:dropped":{"minecraft:anvil":1,"minecraft:dirt":9,"simplehats:redstache":1,"simplehats:beaniejuly":1,"simplehats:julydouble":1,"railways:light_blue_conductor_cap":3,"simplehats:dangeresquejuly":2,"simplehats:hatbag_summer":1,"cgm:mini_gun":3,"simplehats:traffic_cone":1,"simplehats:sunglasses":1,"simplehats:baseballhatjuly":2,"simplehats:fireworks":2,"simplehats:palmtree":4,"minecraft:white_bed":1,"minecraft:grass_block":2,"cgm:shell":2,"railways:wooden_headstock_split_knuckle_coupler":2}},"DataVersion":3120}