{"stats":{"minecraft:custom":{"minecraft:mob_kills":67,"minecraft:interact_with_anvil":20,"minecraft:animals_bred":1,"minecraft:interact_with_crafting_table":2,"minecraft:bell_ring":20,"minecraft:leave_game":53,"minecraft:time_since_death":361587,"minecraft:climb_one_cm":13882,"minecraft:damage_resisted":460,"minecraft:sprint_one_cm":272838,"minecraft:walk_one_cm":616505,"minecraft:damage_blocked_by_shield":6095,"minecraft:drop":37,"minecraft:play_time":1021131,"minecraft:deaths":25,"minecraft:sneak_time":62494,"minecraft:walk_under_water_one_cm":712054,"minecraft:boat_one_cm":133727,"minecraft:jump":3115,"minecraft:walk_on_water_one_cm":163667,"minecraft:total_world_time":1021131,"minecraft:sleep_in_bed":2,"minecraft:time_since_rest":361621,"minecraft:open_enderchest":3,"minecraft:damage_taken":2896,"minecraft:damage_absorbed":654,"minecraft:damage_dealt":1717,"minecraft:swim_one_cm":8471,"minecraft:fly_one_cm":12761318,"minecraft:player_kills":5,"minecraft:crouch_one_cm":51158,"minecraft:aviate_one_cm":4297905,"minecraft:fall_one_cm":22980},"minecraft:used":{"minecraft:oak_fence":4,"create:clipboard":4,"minecraft:oak_trapdoor":71,"minecraft:netherite_sword":5,"minecraft:jungle_leaves":7,"framedblocks:framed_rail_slope":7,"create:brass_casing":6,"framedblocks:framed_button":4,"minecraft:polished_deepslate":3,"minecraft:chiseled_deepslate":62,"minecraft:red_concrete":33,"horror_element_mod:desert_marine_head":1,"minecraft:ladder":3,"minecraft:ender_chest":2,"minecraft:shield":82,"createdeco:cast_iron_hull":1,"farmersdelight:cabbage":1,"minecraft:stone":5,"create:cuckoo_clock":1,"securitycraft:bucket_f_lava":1,"minecraft:iron_sword":4,"minecraft:zombie_spawn_egg":7,"create:haunted_bell":1,"create:railway_casing":32,"create:analog_lever":1,"minecraft:torch":16,"create:fluid_tank":1,"minecraft:anvil":3,"minecraft:dirt":642,"railways:plated_locometal":1,"minecraft:skeleton_spawn_egg":2,"create:copycat_panel":127,"minecraft:deepslate_tile_slab":22,"create:netherite_backtank":1,"minecraft:deepslate_brick_slab":10,"minecraft:cracked_deepslate_tiles":7,"create:mechanical_plough":1,"create:brown_seat":2,"cgm:rifle":79,"create:polished_cut_deepslate_slab":13,"create:metal_girder":54,"createdeco:netherite_sheet_metal":2,"create:controller_rail":1,"framedblocks:framed_fancy_rail":13,"create:chute":1,"railways:gray_riveted_locometal":2,"railways:smokestack_long":1,"minecraft:polished_deepslate_stairs":7,"create:red_valve_handle":1,"createdeco:yellow_netherite_lamp":2,"railways:black_locometal_smokebox":1,"railways:smokestack_streamlined":8,"railways:black_flat_riveted_locometal":1,"create:controls":3,"createdeco:purple_placard":1,"minecraft:villager_spawn_egg":12,"create:wrench":3,"cgm:shotgun":9,"minecraft:grass_block":1397,"create:metal_bracket":15,"create:copycat_step":9,"chipped:railed_black_concrete":4,"minecraft:totem_of_undying":1,"minecraft:stone_bricks":12,"framedblocks:framed_sign":6,"createdeco:cast_iron_sheet_slab":5,"cfm:stripped_spruce_upgraded_fence":2253,"chipped:crying_basalt":1,"horror_element_mod:impaled_skeleton":1,"minecraft:glowstone":2,"create:rotation_speed_controller":1,"create:shaft":43,"minecraft:wolf_spawn_egg":8,"create:industrial_iron_block":35,"railways:black_flat_slashed_locometal":1,"bellsandwhistles:polished_crimsite_pilot":1,"minecraft:cobbled_deepslate":1,"minecraft:enchanted_golden_apple":15,"cgm:heavy_rifle":65,"horror_element_mod:blood_1":3,"securitycraft:reinforced_ochre_froglight":3,"horror_element_mod:primitive_head":1,"securitycraft:electrified_iron_fence":5,"create:handheld_worldshaper":2,"railways:black_slashed_locometal":1,"railways:black_locometal_pillar":1,"create:brass_block":3,"securitycraft:reinforced_oak_planks":709,"horror_element_mod:scientist_body":1,"create:cut_deepslate_brick_slab":3,"cgm:pistol":731,"createdeco:netherite_catwalk_stairs":2,"railways:track_blackstone":3,"minecraft:oak_planks":30,"cgm:stun_grenade":6,"createdeco:cast_iron_catwalk_stairs":5,"minecraft:redstone_block":4,"horror_element_mod:beheaded_body":1,"framedblocks:framed_fancy_powered_rail":5,"create:copper_valve_handle":2,"railways:track_switch_andesite":18,"minecraft:deepslate_bricks":2941,"minecraft:polished_deepslate_slab":29,"minecraft:sand":1,"minecraft:rail":2,"create:track_station":4,"create:flywheel":12,"minecraft:crafting_table":2,"minecraft:white_bed":2,"railways:riveted_locometal":1,"cgm:bazooka":16,"minecraft:ochre_froglight":24,"securitycraft:reinforced_hopper":1,"bellsandwhistles:andesite_door_step":3,"minecraft:deepslate_brick_stairs":17,"minecraft:deepslate_tiles":4,"minecraft:oak_log":7,"create:track":218,"minecraft:enderman_spawn_egg":3,"railways:slashed_locometal":1,"minecraft:firework_rocket":1591,"create:andesite_ladder":2,"minecraft:command_block":1,"railways:track_monorail":10,"minecraft:stone_button":8,"minecraft:bread":13,"railways:iron_wrapped_locometal":5,"minecraft:barrier":2200,"railways:smokestack_oilburner":2,"minecraft:pig_spawn_egg":1,"bellsandwhistles:copper_bogie_steps":1,"cfm:oak_upgraded_fence":8,"minecraft:spruce_trapdoor":4,"create:peculiar_bell":2,"securitycraft:bucket_f_water":11,"mcwwindows:oak_plank_parapet":2,"cgm:assault_rifle":52,"mcwwindows:blackstone_parapet":4,"createdeco:copper_hull":12,"minecraft:coal_block":9,"create:basin":8,"minecraft:potion":2,"bellsandwhistles:andesite_grab_rails":2,"railways:locometal_smokebox":2,"minecraft:ice":12,"create:hand_crank":2,"minecraft:oak_boat":14,"sereneseasons:season_sensor":1,"create:steam_whistle":1,"create:redstone_link":1,"minecraft:coarse_dirt":756,"cgm:mini_gun":37,"railways:black_plated_locometal":1,"create:andesite_bars":3,"securitycraft:reinforced_oak_log":2766},"minecraft:dropped":{"minecraft:bread":64,"minecraft:iron_sword":1,"minecraft:porkchop":2,"minecraft:wheat_seeds":2,"bellsandwhistles:headlight":1,"minecraft:barrier":1,"railways:track_switch_andesite":1,"minecraft:grass_block":256,"create:handheld_worldshaper":1,"create:railway_casing":2,"farmersdelight:roast_chicken_block":1,"cgm:pistol":2,"create:shaft":1,"minecraft:polished_deepslate_slab":1,"minecraft:rotten_flesh":2,"minecraft:netherite_shovel":1,"minecraft:golden_shovel":14},"minecraft:killed":{"minecraft:spider":5,"minecraft:cod":2,"minecraft:pufferfish":1,"minecraft:skeleton":10,"minecraft:chicken":1,"minecraft:drowned":1,"minecraft:tropical_fish":4,"minecraft:wolf":5,"minecraft:pig":6,"minecraft:creeper":7,"minecraft:squid":1,"minecraft:sheep":3,"minecraft:zombie":15,"minecraft:enderman":1,"minecraft:cow":2},"minecraft:picked_up":{"minecraft:chicken":1,"minecraft:ladder":3,"minecraft:clay_ball":28,"create:metal_bracket":4,"minecraft:enchanted_book":1,"securitycraft:reinforced_oak_planks":1,"minecraft:oak_trapdoor":1,"minecraft:string":3,"minecraft:elytra":1,"railways:track_switch_andesite":3,"farmersdelight:cabbage":4,"minecraft:jungle_sapling":2,"securitycraft:reinforced_oak_log":1,"farmersdelight:cabbage_seeds":12,"minecraft:egg":2,"minecraft:polished_deepslate_slab":1,"bellsandwhistles:headlight":1,"create:railway_casing":1,"minecraft:torch":1,"minecraft:porkchop":6,"minecraft:arrow":4,"minecraft:rotten_flesh":12,"create:track":1,"minecraft:deepslate_bricks":2,"minecraft:glowstone":1,"minecraft:mutton":4,"minecraft:white_wool":3,"minecraft:cobblestone":1,"minecraft:oxeye_daisy":1,"minecraft:netherite_boots":1,"minecraft:barrier":2,"minecraft:feather":2,"minecraft:ochre_froglight":1,"farmersdelight:roast_chicken_block":1,"cgm:heavy_rifle":3,"minecraft:gunpowder":1,"minecraft:dirt":149,"minecraft:bone":6,"minecraft:stone_bricks":1,"minecraft:apple":1,"minecraft:kelp":11,"minecraft:wheat_seeds":62,"create:goggles":1,"create:netherite_diving_boots":1,"minecraft:oak_planks":1,"minecraft:iron_sword":3,"bellsandwhistles:copper_bogie_steps":1,"minecraft:dandelion":3,"minecraft:white_bed":1,"minecraft:grass_block":2,"railways:light_blue_conductor_cap":1,"minecraft:spider_eye":1,"cgm:silencer":6,"cgm:shell":194,"cgm:pistol":6,"minecraft:firework_rocket":1,"cgm:stun_grenade":1,"cfm:stripped_spruce_upgraded_fence":1,"minecraft:bread":62,"minecraft:oak_sapling":2,"minecraft:coal":9},"minecraft:crafted":{"simplehats:tophat":1,"minecraft:deepslate_brick_slab":6,"simplehats:plaguedoctor":1},"minecraft:killed_by":{"minecraft:player":1,"minecraft:enderman":2},"minecraft:broken":{"minecraft:shield":1}},"DataVersion":3120}