{"stats":{"minecraft:killed":{"minecraft:spider":5,"minecraft:cod":2,"minecraft:pufferfish":1,"minecraft:skeleton":10,"minecraft:chicken":1,"minecraft:drowned":1,"minecraft:tropical_fish":4,"minecraft:wolf":5,"minecraft:pig":6,"minecraft:creeper":7,"minecraft:squid":1,"minecraft:sheep":3,"minecraft:zombie":15,"minecraft:cow":2,"minecraft:enderman":1},"minecraft:custom":{"minecraft:mob_kills":67,"minecraft:interact_with_anvil":20,"minecraft:animals_bred":1,"minecraft:interact_with_crafting_table":1,"minecraft:leave_game":49,"minecraft:time_since_death":162721,"minecraft:climb_one_cm":13566,"minecraft:damage_resisted":460,"minecraft:sprint_one_cm":267278,"minecraft:walk_one_cm":551828,"minecraft:damage_blocked_by_shield":6095,"minecraft:drop":31,"minecraft:play_time":822265,"minecraft:deaths":25,"minecraft:sneak_time":54672,"minecraft:walk_under_water_one_cm":701977,"minecraft:boat_one_cm":133727,"minecraft:jump":2766,"minecraft:walk_on_water_one_cm":160418,"minecraft:total_world_time":822265,"minecraft:sleep_in_bed":2,"minecraft:time_since_rest":162755,"minecraft:open_enderchest":3,"minecraft:damage_taken":2896,"minecraft:damage_absorbed":654,"minecraft:damage_dealt":1707,"minecraft:fly_one_cm":12146146,"minecraft:swim_one_cm":8471,"minecraft:player_kills":5,"minecraft:crouch_one_cm":42193,"minecraft:aviate_one_cm":4275652,"minecraft:fall_one_cm":22980},"minecraft:broken":{"minecraft:shield":1},"minecraft:picked_up":{"minecraft:clay_ball":28,"minecraft:chicken":1,"minecraft:ladder":3,"minecraft:enchanted_book":1,"securitycraft:reinforced_oak_planks":1,"minecraft:oak_trapdoor":1,"minecraft:string":3,"minecraft:elytra":1,"railways:track_switch_andesite":3,"farmersdelight:cabbage":4,"minecraft:jungle_sapling":2,"securitycraft:reinforced_oak_log":1,"farmersdelight:cabbage_seeds":12,"minecraft:egg":2,"bellsandwhistles:headlight":1,"create:railway_casing":1,"minecraft:torch":1,"minecraft:porkchop":6,"minecraft:arrow":4,"minecraft:rotten_flesh":12,"create:track":1,"minecraft:deepslate_bricks":2,"minecraft:glowstone":1,"minecraft:mutton":4,"minecraft:white_wool":3,"minecraft:cobblestone":1,"minecraft:oxeye_daisy":1,"minecraft:barrier":2,"minecraft:netherite_boots":1,"minecraft:feather":2,"minecraft:ochre_froglight":1,"farmersdelight:roast_chicken_block":1,"cgm:heavy_rifle":3,"minecraft:gunpowder":1,"minecraft:dirt":147,"minecraft:bone":6,"minecraft:stone_bricks":1,"minecraft:apple":1,"minecraft:kelp":11,"minecraft:wheat_seeds":62,"create:goggles":1,"create:netherite_diving_boots":1,"minecraft:oak_planks":1,"minecraft:iron_sword":3,"bellsandwhistles:copper_bogie_steps":1,"minecraft:dandelion":3,"minecraft:white_bed":1,"minecraft:grass_block":2,"railways:light_blue_conductor_cap":1,"minecraft:spider_eye":1,"cgm:silencer":6,"cgm:shell":194,"cgm:pistol":6,"minecraft:firework_rocket":1,"cgm:stun_grenade":1,"cfm:stripped_spruce_upgraded_fence":1,"minecraft:bread":62,"minecraft:oak_sapling":2},"minecraft:used":{"minecraft:oak_fence":4,"minecraft:oak_trapdoor":71,"minecraft:netherite_sword":5,"minecraft:jungle_leaves":7,"framedblocks:framed_rail_slope":7,"minecraft:chiseled_deepslate":13,"minecraft:red_concrete":33,"horror_element_mod:desert_marine_head":1,"minecraft:ladder":3,"minecraft:stone":5,"farmersdelight:cabbage":1,"minecraft:shield":82,"minecraft:ender_chest":2,"securitycraft:bucket_f_lava":1,"minecraft:iron_sword":4,"minecraft:zombie_spawn_egg":7,"create:railway_casing":5,"minecraft:torch":16,"minecraft:dirt":642,"minecraft:anvil":3,"minecraft:skeleton_spawn_egg":2,"minecraft:cracked_deepslate_tiles":6,"cgm:rifle":79,"createdeco:netherite_sheet_metal":2,"create:controller_rail":1,"framedblocks:framed_fancy_rail":13,"createdeco:purple_placard":1,"minecraft:villager_spawn_egg":12,"cgm:shotgun":9,"minecraft:grass_block":1350,"chipped:railed_black_concrete":4,"minecraft:totem_of_undying":1,"minecraft:stone_bricks":12,"cfm:stripped_spruce_upgraded_fence":2253,"minecraft:glowstone":2,"horror_element_mod:impaled_skeleton":1,"minecraft:wolf_spawn_egg":8,"minecraft:enchanted_golden_apple":15,"cgm:heavy_rifle":65,"horror_element_mod:blood_1":3,"securitycraft:reinforced_ochre_froglight":3,"create:handheld_worldshaper":2,"securitycraft:electrified_iron_fence":5,"horror_element_mod:primitive_head":1,"securitycraft:reinforced_oak_planks":709,"horror_element_mod:scientist_body":1,"cgm:pistol":731,"railways:track_blackstone":3,"minecraft:oak_planks":30,"cgm:stun_grenade":6,"minecraft:redstone_block":4,"horror_element_mod:beheaded_body":1,"framedblocks:framed_fancy_powered_rail":5,"minecraft:deepslate_bricks":2941,"railways:track_switch_andesite":18,"minecraft:sand":1,"minecraft:rail":2,"create:track_station":4,"minecraft:crafting_table":1,"minecraft:white_bed":2,"cgm:bazooka":16,"minecraft:ochre_froglight":24,"bellsandwhistles:andesite_door_step":3,"minecraft:oak_log":7,"create:track":207,"minecraft:enderman_spawn_egg":3,"minecraft:firework_rocket":1591,"minecraft:command_block":1,"minecraft:bread":13,"minecraft:barrier":2200,"railways:iron_wrapped_locometal":1,"minecraft:pig_spawn_egg":1,"bellsandwhistles:copper_bogie_steps":1,"cfm:oak_upgraded_fence":8,"mcwwindows:oak_plank_parapet":2,"cgm:assault_rifle":52,"securitycraft:bucket_f_water":11,"createdeco:copper_hull":12,"minecraft:potion":2,"minecraft:ice":12,"minecraft:oak_boat":14,"sereneseasons:season_sensor":1,"minecraft:coarse_dirt":756,"cgm:mini_gun":37,"securitycraft:reinforced_oak_log":2766},"minecraft:killed_by":{"minecraft:player":1,"minecraft:enderman":2},"minecraft:dropped":{"minecraft:bread":64,"minecraft:iron_sword":1,"minecraft:porkchop":2,"minecraft:wheat_seeds":2,"bellsandwhistles:headlight":1,"minecraft:barrier":1,"railways:track_switch_andesite":1,"create:handheld_worldshaper":1,"create:railway_casing":2,"farmersdelight:roast_chicken_block":1,"cgm:pistol":2,"minecraft:rotten_flesh":2,"minecraft:netherite_shovel":1,"minecraft:golden_shovel":14},"minecraft:crafted":{"simplehats:tophat":1,"simplehats:plaguedoctor":1}},"DataVersion":3120}