{"stats":{"minecraft:killed":{"minecraft:wolf":5,"minecraft:pig":5,"minecraft:spider":4,"minecraft:cod":2,"minecraft:creeper":7,"minecraft:squid":1,"minecraft:pufferfish":1,"minecraft:sheep":3,"minecraft:skeleton":10,"minecraft:zombie":14,"minecraft:chicken":1,"minecraft:drowned":1,"minecraft:tropical_fish":4},"minecraft:dropped":{"minecraft:bread":64,"minecraft:iron_sword":1,"cgm:pistol":1,"minecraft:porkchop":2,"minecraft:barrier":1,"minecraft:rotten_flesh":2},"minecraft:used":{"minecraft:oak_fence":4,"horror_element_mod:primitive_head":1,"securitycraft:electrified_iron_fence":5,"minecraft:jungle_leaves":7,"framedblocks:framed_rail_slope":7,"horror_element_mod:scientist_body":1,"horror_element_mod:desert_marine_head":1,"minecraft:red_concrete":33,"cgm:pistol":532,"minecraft:oak_planks":1,"minecraft:iron_sword":4,"minecraft:zombie_spawn_egg":7,"minecraft:redstone_block":4,"horror_element_mod:beheaded_body":1,"framedblocks:framed_fancy_powered_rail":5,"minecraft:deepslate_bricks":1487,"minecraft:torch":6,"minecraft:anvil":2,"minecraft:dirt":30,"minecraft:rail":2,"minecraft:skeleton_spawn_egg":2,"minecraft:cracked_deepslate_tiles":6,"minecraft:white_bed":2,"cgm:bazooka":16,"cgm:rifle":17,"createdeco:netherite_sheet_metal":2,"create:controller_rail":1,"framedblocks:framed_fancy_rail":13,"bellsandwhistles:andesite_door_step":3,"minecraft:oak_log":7,"create:track":125,"createdeco:purple_placard":1,"minecraft:command_block":1,"cgm:shotgun":9,"minecraft:grass_block":1092,"minecraft:bread":13,"minecraft:barrier":2199,"minecraft:pig_spawn_egg":1,"bellsandwhistles:copper_bogie_steps":1,"cfm:oak_upgraded_fence":8,"chipped:railed_black_concrete":4,"mcwwindows:oak_plank_parapet":2,"cgm:assault_rifle":46,"createdeco:copper_hull":12,"cfm:stripped_spruce_upgraded_fence":2232,"horror_element_mod:impaled_skeleton":1,"minecraft:wolf_spawn_egg":8,"minecraft:ice":12,"sereneseasons:season_sensor":1,"minecraft:enchanted_golden_apple":8,"cgm:heavy_rifle":65,"securitycraft:reinforced_oak_log":2310,"horror_element_mod:blood_1":3},"minecraft:picked_up":{"minecraft:barrier":1,"minecraft:feather":2,"minecraft:chicken":1,"minecraft:clay_ball":28,"cgm:heavy_rifle":3,"minecraft:gunpowder":1,"minecraft:string":3,"minecraft:dirt":115,"minecraft:bone":6,"minecraft:apple":1,"minecraft:kelp":11,"minecraft:wheat_seeds":18,"minecraft:jungle_sapling":2,"minecraft:iron_sword":3,"minecraft:egg":1,"bellsandwhistles:copper_bogie_steps":1,"minecraft:porkchop":6,"minecraft:white_bed":1,"railways:light_blue_conductor_cap":1,"minecraft:spider_eye":1,"cgm:silencer":6,"cgm:shell":194,"cgm:pistol":4,"minecraft:arrow":4,"minecraft:rotten_flesh":12,"minecraft:bread":62,"minecraft:oak_sapling":2,"minecraft:mutton":4,"minecraft:white_wool":3,"minecraft:cobblestone":1},"minecraft:custom":{"minecraft:mob_kills":61,"minecraft:interact_with_anvil":16,"minecraft:animals_bred":1,"minecraft:leave_game":35,"minecraft:time_since_death":32525,"minecraft:sleep_in_bed":2,"minecraft:climb_one_cm":12700,"minecraft:damage_resisted":186,"minecraft:time_since_rest":32603,"minecraft:sprint_one_cm":170835,"minecraft:damage_taken":1517,"minecraft:walk_one_cm":266986,"minecraft:damage_absorbed":192,"minecraft:drop":8,"minecraft:damage_dealt":1287,"minecraft:swim_one_cm":2363,"minecraft:fly_one_cm":6729628,"minecraft:player_kills":1,"minecraft:crouch_one_cm":19256,"minecraft:play_time":436892,"minecraft:deaths":19,"minecraft:sneak_time":32066,"minecraft:walk_under_water_one_cm":597229,"minecraft:jump":1680,"minecraft:walk_on_water_one_cm":117619,"minecraft:total_world_time":436892,"minecraft:fall_one_cm":21687}},"DataVersion":3120}