{"stats":{"minecraft:picked_up":{"create:metal_bracket":6,"minecraft:lead":2,"create:wrench":1,"minecraft:enchanted_book":1,"securitycraft:reinforced_oak_planks":1,"minecraft:string":3,"railways:track_switch_andesite":3,"farmersdelight:cabbage":4,"securitycraft:reinforced_oak_log":1,"farmersdelight:cabbage_seeds":12,"bellsandwhistles:headlight":1,"minecraft:stick":5,"minecraft:torch":1,"minecraft:porkchop":6,"minecraft:rotten_flesh":12,"securitycraft:harming_module":2,"create:track":1,"minecraft:glowstone":1,"minecraft:cobblestone":1,"minecraft:barrier":2,"minecraft:feather":2,"chipped:pegged_white_concrete":1,"farmersdelight:roast_chicken_block":1,"cgm:heavy_rifle":3,"minecraft:dirt":215,"securitycraft:sentry":39,"minecraft:bone":6,"minecraft:wheat_seeds":62,"minecraft:dark_oak_sign":6,"create:goggles":2,"create:netherite_diving_boots":2,"simplehats:spyzombie":1,"minecraft:oak_planks":1,"create:super_glue":1,"minecraft:grass_block":2,"railways:light_blue_conductor_cap":1,"minecraft:dark_oak_log":83,"chipped:pegged_red_concrete":2,"cgm:silencer":6,"cgm:shell":194,"cgm:pistol":9,"cgm:stun_grenade":1,"minecraft:bread":62,"minecraft:oak_sapling":3,"minecraft:clay_ball":28,"minecraft:chicken":1,"minecraft:ladder":3,"minecraft:oak_trapdoor":1,"minecraft:elytra":2,"cgm:weighted_stock":1,"securitycraft:smart_module":4,"minecraft:jungle_sapling":2,"minecraft:egg":2,"minecraft:polished_deepslate_slab":1,"create:railway_casing":2,"create:brass_casing":1,"minecraft:dark_oak_planks":4,"minecraft:arrow":4,"minecraft:deepslate_bricks":2,"minecraft:mutton":4,"minecraft:white_wool":3,"minecraft:oxeye_daisy":1,"minecraft:netherite_boots":1,"securitycraft:disguise_module":1,"minecraft:ochre_froglight":1,"minecraft:gunpowder":1,"minecraft:red_carpet":1,"minecraft:stone_bricks":1,"minecraft:apple":2,"minecraft:kelp":11,"minecraft:iron_sword":3,"bellsandwhistles:copper_bogie_steps":1,"minecraft:dandelion":3,"chipped:red_concrete_panel":1,"minecraft:white_bed":1,"minecraft:spider_eye":1,"minecraft:firework_rocket":1,"cfm:stripped_spruce_upgraded_fence":1,"minecraft:coal":9},"minecraft:killed":{"minecraft:spider":5,"minecraft:cod":2,"minecraft:pufferfish":1,"minecraft:skeleton":10,"minecraft:chicken":1,"minecraft:tropical_fish":4,"minecraft:wolf":6,"minecraft:pig":6,"minecraft:creeper":7,"minecraft:sheep":3,"minecraft:zombie":15,"minecraft:cow":2,"minecraft:drowned":1,"minecraft:squid":1,"minecraft:enderman":1},"minecraft:crafted":{"simplehats:tophat":2,"minecraft:deepslate_brick_slab":6,"simplehats:plaguedoctor":1},"minecraft:used":{"framedblocks:framed_half_pillar":4,"securitycraft:trophy_system":2,"create:brass_casing":6,"cgm:machine_pistol":70,"minecraft:chiseled_deepslate":81,"minecraft:polished_deepslate":21,"minecraft:ladder":3,"minecraft:black_carpet":1,"createdeco:cast_iron_catwalk":26,"minecraft:shield":82,"farmersdelight:cabbage":1,"minecraft:stone":5,"minecraft:iron_sword":4,"minecraft:zombie_spawn_egg":7,"create:haunted_bell":2,"securitycraft:security_camera":8,"securitycraft:username_logger":1,"create:railway_casing":32,"bellsandwhistles:polished_tuff_pilot":1,"create:analog_lever":1,"create:fluid_tank":1,"chipped:pegged_white_concrete":1,"minecraft:skeleton_spawn_egg":2,"createdeco:cast_iron_mesh_fence":9,"minecraft:deepslate_tile_slab":94,"minecraft:cracked_deepslate_tiles":7,"minecraft:deepslate_brick_slab":10,"railways:flat_riveted_locometal":89,"create:brown_seat":2,"create:polished_cut_deepslate_slab":13,"create:metal_girder":54,"create:controller_rail":1,"minecraft:milk_bucket":2,"minecraft:polished_deepslate_stairs":8,"chipped:smooth_red_concrete":2,"railways:smokestack_streamlined":8,"securitycraft:camera_monitor":14,"create:controls":3,"bellsandwhistles:polished_scoria_pilot":1,"minecraft:netherite_shovel":327,"minecraft:stripped_dark_oak_wood":33,"chipped:scattered_cobweb":1,"minecraft:villager_spawn_egg":194,"cgm:shotgun":9,"minecraft:grass_block":1736,"cfm:stripped_dark_oak_table":10,"chipped:solid_dark_oak_trapdoor":13,"minecraft:dark_oak_wood":1065,"framedblocks:framed_panel":44,"minecraft:dark_oak_slab":21,"bellsandwhistles:polished_scorchia_pilot":1,"chipped:railed_black_concrete":4,"chipped:piked_iron_bars":4,"minecraft:stone_bricks":12,"framedblocks:framed_sign":6,"railways:flat_slashed_locometal":47,"minecraft:red_carpet":26,"horror_element_mod:impaled_skeleton":1,"create:rotation_speed_controller":1,"create:shaft":53,"securitycraft:laser_block":12,"create:industrial_iron_block":74,"bellsandwhistles:polished_crimsite_pilot":1,"cgm:heavy_rifle":65,"horror_element_mod:blood_1":3,"securitycraft:harming_module":2,"railways:black_slashed_locometal":1,"createdeco:zinc_bars":1,"horror_element_mod:primitive_head":1,"securitycraft:electrified_iron_fence":5,"minecraft:dark_oak_stairs":21,"createdeco:netherite_bars":1,"horror_element_mod:scientist_body":1,"create:cut_deepslate_brick_slab":3,"framedblocks:framed_door":13,"minecraft:dark_oak_sign":11,"createdeco:netherite_catwalk_stairs":2,"minecraft:oak_planks":30,"createdeco:netherite_bars_overlay":1,"mcwwindows:golden_curtain_rod":4,"securitycraft:keypad_frame":1,"minecraft:redstone_block":4,"horror_element_mod:beheaded_body":1,"create:copper_valve_handle":2,"createdeco:netherite_catwalk":2,"minecraft:sand":1,"create:track_station":4,"create:flywheel":12,"minecraft:loom":1,"railways:riveted_locometal":1,"cgm:bazooka":16,"createdeco:cast_iron_sheet_slab_vert":4,"minecraft:ochre_froglight":24,"securitycraft:reinforced_hopper":1,"minecraft:deepslate_brick_stairs":22,"minecraft:deepslate_tiles":5,"farmersdelight:black_canvas_sign":16,"minecraft:enderman_spawn_egg":3,"railways:slashed_locometal":1,"minecraft:firework_rocket":1662,"minecraft:dark_oak_log":1165,"minecraft:bread":13,"minecraft:barrier":2213,"minecraft:stone_button":14,"bellsandwhistles:copper_bogie_steps":1,"cfm:oak_upgraded_fence":8,"securitycraft:smart_module":4,"create:peculiar_bell":2,"mcwwindows:oak_plank_parapet":2,"mcwwindows:blackstone_parapet":4,"cgm:assault_rifle":52,"minecraft:coal_block":9,"create:basin":17,"railways:locometal_smokebox":2,"minecraft:ice":12,"minecraft:oak_boat":14,"sereneseasons:season_sensor":1,"cgm:mini_gun":68,"create:steam_whistle":1,"minecraft:coarse_dirt":756,"create:andesite_bars":3,"securitycraft:reinforced_oak_log":2766,"minecraft:cobweb":23,"minecraft:oak_fence":4,"chipped:railed_iron_bars":1,"minecraft:oak_trapdoor":71,"create:clipboard":4,"minecraft:netherite_sword":6,"minecraft:jungle_leaves":7,"framedblocks:framed_rail_slope":7,"create:brass_door":1,"framedblocks:framed_button":4,"framedblocks:framed_slab":31,"minecraft:red_concrete":33,"horror_element_mod:desert_marine_head":1,"minecraft:light_gray_carpet":17,"minecraft:spruce_planks":18,"minecraft:ender_chest":2,"create:cuckoo_clock":1,"createdeco:cast_iron_hull":1,"securitycraft:bucket_f_lava":1,"securitycraft:keypad_door_item":5,"chipped:shifted_dark_oak_planks":3,"securitycraft:track_mine":2,"securitycraft:disguise_module":1,"securitycraft:reinforced_iron_bars":2,"minecraft:torch":38,"minecraft:anvil":4,"minecraft:dirt":642,"railways:plated_locometal":1,"minecraft:white_carpet":11,"create:copycat_panel":1200,"create:netherite_backtank":1,"create:mechanical_plough":1,"cgm:rifle":88,"framedblocks:framed_fancy_rail":13,"createdeco:netherite_sheet_metal":2,"createdeco:brass_bars":2,"create:red_valve_handle":2,"railways:smokestack_long":1,"create:spruce_window":2,"railways:gray_riveted_locometal":2,"create:chute":1,"createdeco:yellow_netherite_lamp":15,"railways:black_locometal_smokebox":1,"minecraft:dark_oak_planks":67,"railways:black_flat_riveted_locometal":1,"createdeco:purple_placard":1,"create:wrench":30,"create:metal_bracket":21,"create:copycat_step":23,"createdeco:cast_iron_sheet_metal":9,"minecraft:totem_of_undying":1,"minecraft:barrel":8,"chipped:smooth_white_concrete":21,"securitycraft:sentry":39,"chipped:crying_basalt":1,"createdeco:cast_iron_sheet_slab":5,"cfm:stripped_spruce_upgraded_fence":2253,"minecraft:glowstone":2,"create:gray_seat":31,"minecraft:iron_trapdoor":35,"minecraft:wolf_spawn_egg":10,"framedblocks:framed_divided_panel_vertical":1,"minecraft:minecart":1,"railways:black_flat_slashed_locometal":1,"securitycraft:bouncing_betty":3,"minecraft:cobbled_deepslate":1,"chipped:vertically_railed_dark_oak_planks":4,"minecraft:enchanted_golden_apple":15,"securitycraft:stone_mine":1,"create:handheld_worldshaper":2,"securitycraft:reinforced_ochre_froglight":3,"railways:black_locometal_pillar":1,"create:brass_block":4,"securitycraft:reinforced_oak_planks":709,"cgm:pistol":991,"railways:track_blackstone":3,"create:train_door":22,"cgm:stun_grenade":6,"createdeco:cast_iron_catwalk_stairs":22,"securitycraft:panic_button":1,"create:red_seat":15,"framedblocks:framed_fancy_powered_rail":5,"minecraft:deepslate_bricks":2946,"railways:track_switch_andesite":18,"minecraft:polished_deepslate_slab":29,"minecraft:rail":2,"create:brass_funnel":27,"minecraft:crafting_table":3,"chipped:white_concrete_panel":4,"createdeco:cast_iron_bars_overlay":9,"minecraft:white_bed":2,"bellsandwhistles:andesite_door_step":8,"minecraft:oak_log":7,"create:track":223,"framedblocks:framed_divided_panel_horizontal":332,"minecraft:flower_pot":2,"create:andesite_ladder":2,"minecraft:command_block":1,"railways:track_monorail":10,"railways:iron_wrapped_locometal":5,"minecraft:pig_spawn_egg":1,"railways:smokestack_oilburner":2,"minecraft:spruce_trapdoor":38,"minecraft:spruce_sapling":1001,"securitycraft:bucket_f_water":11,"createdeco:copper_hull":12,"minecraft:potion":2,"bellsandwhistles:andesite_grab_rails":8,"securitycraft:admin_tool":2,"createdeco:cast_iron_support":16,"bellsandwhistles:andesite_bogie_steps":4,"create:hand_crank":5,"securitycraft:reinforced_oak_stairs":17,"minecraft:husk_spawn_egg":2,"create:redstone_link":1,"createdeco:cast_iron_bars":20,"createdeco:netherite_mesh_fence":1,"railways:black_plated_locometal":1,"chipped:red_concrete_panel":1},"minecraft:dropped":{"minecraft:iron_sword":1,"create:metal_girder":1,"create:super_glue":1,"minecraft:porkchop":2,"minecraft:elytra":1,"minecraft:red_carpet":1,"chipped:smooth_white_concrete":1,"create:goggles":1,"cgm:pistol":4,"minecraft:rotten_flesh":2,"minecraft:netherite_shovel":1,"chipped:white_concrete_panel":1,"minecraft:golden_shovel":14,"create:wrench":1,"create:copycat_panel":65,"securitycraft:camera_monitor":2,"minecraft:bread":64,"minecraft:wheat_seeds":2,"bellsandwhistles:headlight":1,"minecraft:barrier":1,"railways:track_switch_andesite":1,"minecraft:grass_block":256,"create:handheld_worldshaper":1,"create:railway_casing":3,"create:metal_bracket":1,"farmersdelight:roast_chicken_block":1,"create:shaft":2,"minecraft:polished_deepslate_slab":1,"create:netherite_diving_boots":1,"create:brass_casing":2},"minecraft:broken":{"minecraft:shield":1},"minecraft:killed_by":{"minecraft:player":1,"minecraft:enderman":2},"minecraft:custom":{"minecraft:animals_bred":1,"minecraft:interact_with_crafting_table":3,"minecraft:open_barrel":2,"minecraft:bell_ring":30,"minecraft:leave_game":64,"minecraft:time_since_death":90483,"minecraft:damage_resisted":460,"minecraft:sprint_one_cm":715320,"minecraft:damage_blocked_by_shield":6095,"minecraft:drop":57,"minecraft:talked_to_villager":6,"minecraft:play_time":1526680,"minecraft:deaths":36,"minecraft:jump":6401,"minecraft:walk_on_water_one_cm":166806,"minecraft:sleep_in_bed":2,"minecraft:open_enderchest":3,"minecraft:damage_dealt":1757,"minecraft:player_kills":5,"minecraft:crouch_one_cm":90306,"minecraft:horse_one_cm":556,"minecraft:interact_with_anvil":21,"minecraft:mob_kills":68,"minecraft:climb_one_cm":17336,"minecraft:walk_one_cm":1192865,"minecraft:sneak_time":96897,"minecraft:walk_under_water_one_cm":821444,"minecraft:boat_one_cm":133727,"minecraft:total_world_time":1526680,"minecraft:pot_flower":2,"minecraft:time_since_rest":90516,"minecraft:damage_absorbed":654,"minecraft:damage_taken":2916,"minecraft:swim_one_cm":8471,"minecraft:fly_one_cm":18823622,"minecraft:aviate_one_cm":5354928,"minecraft:fall_one_cm":23887}},"DataVersion":3120}