{"stats":{"minecraft:killed":{"minecraft:wolf":5,"minecraft:pig":5,"minecraft:spider":4,"minecraft:cod":2,"minecraft:creeper":7,"minecraft:squid":1,"minecraft:pufferfish":1,"minecraft:sheep":3,"minecraft:skeleton":10,"minecraft:zombie":14,"minecraft:chicken":1,"minecraft:drowned":1,"minecraft:tropical_fish":4,"minecraft:enderman":1,"minecraft:cow":2},"minecraft:custom":{"minecraft:mob_kills":64,"minecraft:interact_with_anvil":16,"minecraft:animals_bred":1,"minecraft:interact_with_crafting_table":1,"minecraft:leave_game":44,"minecraft:time_since_death":10259,"minecraft:sleep_in_bed":2,"minecraft:climb_one_cm":13566,"minecraft:damage_resisted":186,"minecraft:open_enderchest":2,"minecraft:time_since_rest":10286,"minecraft:sprint_one_cm":233723,"minecraft:damage_absorbed":192,"minecraft:damage_taken":2447,"minecraft:walk_one_cm":452025,"minecraft:damage_blocked_by_shield":3570,"minecraft:drop":11,"minecraft:damage_dealt":1697,"minecraft:swim_one_cm":8191,"minecraft:fly_one_cm":10182276,"minecraft:player_kills":2,"minecraft:crouch_one_cm":33686,"minecraft:play_time":637438,"minecraft:deaths":24,"minecraft:sneak_time":48250,"minecraft:walk_under_water_one_cm":684503,"minecraft:boat_one_cm":106581,"minecraft:aviate_one_cm":4184236,"minecraft:jump":2296,"minecraft:walk_on_water_one_cm":156335,"minecraft:total_world_time":637438,"minecraft:fall_one_cm":22769},"minecraft:broken":{"minecraft:shield":1},"minecraft:picked_up":{"minecraft:barrier":2,"minecraft:feather":2,"minecraft:chicken":1,"minecraft:ladder":3,"minecraft:clay_ball":28,"minecraft:ochre_froglight":1,"securitycraft:reinforced_oak_planks":1,"cgm:heavy_rifle":3,"minecraft:gunpowder":1,"minecraft:oak_trapdoor":1,"minecraft:dirt":131,"minecraft:string":3,"minecraft:elytra":1,"railways:track_switch_andesite":3,"minecraft:stone_bricks":1,"minecraft:bone":6,"minecraft:apple":1,"minecraft:kelp":11,"minecraft:wheat_seeds":62,"farmersdelight:cabbage":4,"create:goggles":1,"create:netherite_diving_boots":1,"securitycraft:reinforced_oak_log":1,"minecraft:oak_planks":1,"minecraft:jungle_sapling":2,"minecraft:iron_sword":3,"farmersdelight:cabbage_seeds":12,"minecraft:egg":2,"bellsandwhistles:copper_bogie_steps":1,"minecraft:torch":1,"minecraft:dandelion":3,"minecraft:porkchop":6,"minecraft:grass_block":2,"minecraft:white_bed":1,"railways:light_blue_conductor_cap":1,"minecraft:spider_eye":1,"cgm:silencer":6,"cgm:shell":194,"cgm:pistol":6,"minecraft:firework_rocket":1,"minecraft:arrow":4,"minecraft:rotten_flesh":12,"create:track":1,"minecraft:deepslate_bricks":2,"cfm:stripped_spruce_upgraded_fence":1,"minecraft:glowstone":1,"minecraft:bread":62,"minecraft:oak_sapling":2,"minecraft:mutton":4,"minecraft:white_wool":3,"minecraft:cobblestone":1,"minecraft:oxeye_daisy":1},"minecraft:used":{"minecraft:netherite_sword":5,"securitycraft:reinforced_ochre_froglight":3,"minecraft:oak_fence":4,"horror_element_mod:primitive_head":1,"minecraft:oak_trapdoor":71,"securitycraft:electrified_iron_fence":5,"minecraft:jungle_leaves":7,"framedblocks:framed_rail_slope":7,"securitycraft:reinforced_oak_planks":709,"horror_element_mod:scientist_body":1,"horror_element_mod:desert_marine_head":1,"minecraft:red_concrete":33,"cgm:pistol":607,"minecraft:oak_planks":30,"minecraft:ladder":3,"minecraft:ender_chest":1,"securitycraft:bucket_f_lava":1,"minecraft:shield":36,"farmersdelight:cabbage":1,"minecraft:iron_sword":4,"minecraft:zombie_spawn_egg":7,"minecraft:redstone_block":4,"framedblocks:framed_fancy_powered_rail":5,"horror_element_mod:beheaded_body":1,"minecraft:deepslate_bricks":2941,"railways:track_switch_andesite":18,"minecraft:torch":16,"minecraft:anvil":2,"minecraft:dirt":595,"minecraft:sand":1,"minecraft:rail":2,"minecraft:skeleton_spawn_egg":2,"minecraft:crafting_table":1,"minecraft:cracked_deepslate_tiles":6,"minecraft:white_bed":2,"cgm:bazooka":16,"minecraft:ochre_froglight":24,"cgm:rifle":17,"createdeco:netherite_sheet_metal":2,"create:controller_rail":1,"framedblocks:framed_fancy_rail":13,"bellsandwhistles:andesite_door_step":3,"minecraft:oak_log":7,"create:track":195,"minecraft:enderman_spawn_egg":3,"createdeco:purple_placard":1,"minecraft:firework_rocket":1591,"minecraft:command_block":1,"cgm:shotgun":9,"minecraft:grass_block":1325,"minecraft:bread":13,"minecraft:barrier":2200,"minecraft:pig_spawn_egg":1,"bellsandwhistles:copper_bogie_steps":1,"cfm:oak_upgraded_fence":8,"securitycraft:bucket_f_water":11,"minecraft:totem_of_undying":1,"chipped:railed_black_concrete":4,"mcwwindows:oak_plank_parapet":2,"cgm:assault_rifle":46,"createdeco:copper_hull":12,"minecraft:stone_bricks":12,"minecraft:glowstone":2,"cfm:stripped_spruce_upgraded_fence":2253,"horror_element_mod:impaled_skeleton":1,"minecraft:potion":2,"minecraft:wolf_spawn_egg":8,"minecraft:ice":12,"minecraft:oak_boat":3,"sereneseasons:season_sensor":1,"minecraft:coarse_dirt":756,"cgm:heavy_rifle":65,"minecraft:enchanted_golden_apple":8,"securitycraft:reinforced_oak_log":2766,"horror_element_mod:blood_1":3},"minecraft:killed_by":{"minecraft:enderman":2},"minecraft:dropped":{"minecraft:bread":64,"minecraft:iron_sword":1,"cgm:pistol":2,"minecraft:porkchop":2,"minecraft:wheat_seeds":2,"minecraft:barrier":1,"minecraft:rotten_flesh":2,"railways:track_switch_andesite":1},"minecraft:crafted":{"simplehats:tophat":1,"simplehats:plaguedoctor":1}},"DataVersion":3120}