{"stats":{"minecraft:killed_by":{"minecraft:player":1,"minecraft:creeper":3},"minecraft:killed":{"minecraft:husk":1,"minecraft:zombie":3,"minecraft:spider":2},"minecraft:custom":{"minecraft:time_since_rest":31920,"minecraft:interact_with_furnace":1,"minecraft:sprint_one_cm":182272,"minecraft:damage_taken":1972,"minecraft:walk_one_cm":106815,"minecraft:mob_kills":6,"minecraft:drop":50,"minecraft:damage_dealt":1292,"minecraft:interact_with_crafting_table":2,"minecraft:player_kills":2,"minecraft:swim_one_cm":7705,"minecraft:fly_one_cm":647927,"minecraft:crouch_one_cm":8886,"minecraft:play_one_minute":65347,"minecraft:deaths":7,"minecraft:sneak_time":3965,"minecraft:walk_under_water_one_cm":2576,"minecraft:aviate_one_cm":245911,"minecraft:jump":1148,"minecraft:leave_game":6,"minecraft:time_since_death":31886,"minecraft:walk_on_water_one_cm":7686,"minecraft:damage_resisted":1169,"minecraft:fall_one_cm":18312,"minecraft:horse_one_cm":16090},"minecraft:mined":{"minecraft:grass":4,"minecraft:oak_log":8,"minecraft:oak_sign":6,"minecraft:sand":9,"minecraft:cobblestone":2,"minecraft:stone":30,"minecraft:sugar_cane":2,"minecraft:oak_leaves":3},"minecraft:dropped":{"minecraft:crafting_table":1,"minecraft:rotten_flesh":128,"minecraft:cobblestone":1,"minecraft:sand":1,"minecraft:oak_sign":23,"minecraft:coal":22},"minecraft:used":{"minecraft:oak_log":1,"minecraft:netherite_sword":13,"minecraft:firework_rocket":1,"minecraft:iron_shovel":3,"minecraft:oak_sign":14,"minecraft:llama_spawn_egg":9,"minecraft:torch":7,"minecraft:sand":7,"minecraft:dirt":1,"minecraft:cobblestone":29,"minecraft:crafting_table":1,"minecraft:cooked_beef":2,"minecraft:golden_pickaxe":32},"minecraft:broken":{"minecraft:golden_pickaxe":1},"minecraft:crafted":{"minecraft:leather_leggings":1,"minecraft:leather_boots":1,"minecraft:leather_chestplate":1},"minecraft:picked_up":{"minecraft:stick":4,"minecraft:crafting_table":1,"minecraft:torch":1,"minecraft:sand":8,"minecraft:oak_log":14,"minecraft:dirt":1,"minecraft:string":1,"minecraft:rotten_flesh":4,"minecraft:oak_sign":11,"minecraft:wheat_seeds":1,"minecraft:sugar_cane":3,"minecraft:oak_planks":6,"minecraft:cobblestone":30}},"DataVersion":2586}