{"stats":{"minecraft:killed_by":{"minecraft:player":1,"minecraft:creeper":1},"minecraft:killed":{"minecraft:husk":1,"minecraft:zombie":1},"minecraft:custom":{"minecraft:time_since_rest":13822,"minecraft:sprint_one_cm":85780,"minecraft:damage_taken":1152,"minecraft:walk_one_cm":53556,"minecraft:mob_kills":2,"minecraft:drop":15,"minecraft:damage_dealt":503,"minecraft:swim_one_cm":2665,"minecraft:interact_with_crafting_table":1,"minecraft:fly_one_cm":262973,"minecraft:player_kills":2,"minecraft:crouch_one_cm":2350,"minecraft:play_one_minute":29687,"minecraft:deaths":4,"minecraft:sneak_time":1310,"minecraft:walk_under_water_one_cm":333,"minecraft:jump":635,"minecraft:leave_game":1,"minecraft:time_since_death":13764,"minecraft:walk_on_water_one_cm":2235,"minecraft:fall_one_cm":12255,"minecraft:horse_one_cm":15231},"minecraft:mined":{"minecraft:grass":1,"minecraft:oak_log":8,"minecraft:sand":1,"minecraft:sugar_cane":2,"minecraft:oak_leaves":1},"minecraft:dropped":{"minecraft:crafting_table":1,"minecraft:rotten_flesh":128,"minecraft:sand":1,"minecraft:oak_sign":11},"minecraft:used":{"minecraft:oak_log":1,"minecraft:oak_sign":5,"minecraft:llama_spawn_egg":6,"minecraft:crafting_table":1},"minecraft:crafted":{"minecraft:leather_leggings":1,"minecraft:leather_boots":1,"minecraft:leather_chestplate":1},"minecraft:picked_up":{"minecraft:stick":4,"minecraft:crafting_table":1,"minecraft:sand":1,"minecraft:oak_log":14,"minecraft:rotten_flesh":2,"minecraft:oak_sign":5,"minecraft:wheat_seeds":1,"minecraft:sugar_cane":3,"minecraft:oak_planks":6}},"DataVersion":2586}