{"stats":{"minecraft:custom":{"minecraft:animals_bred":1,"minecraft:interact_with_crafting_table":3,"minecraft:open_barrel":2,"minecraft:bell_ring":30,"minecraft:leave_game":83,"minecraft:time_since_death":352931,"minecraft:damage_resisted":460,"minecraft:sprint_one_cm":991656,"minecraft:damage_blocked_by_shield":6095,"minecraft:drop":69,"minecraft:talked_to_villager":6,"minecraft:play_time":2137229,"minecraft:deaths":40,"minecraft:jump":8029,"minecraft:walk_on_water_one_cm":245978,"minecraft:sleep_in_bed":2,"minecraft:open_enderchest":3,"minecraft:damage_dealt":1843,"minecraft:player_kills":9,"minecraft:crouch_one_cm":128161,"minecraft:horse_one_cm":556,"minecraft:interact_with_anvil":22,"minecraft:mob_kills":70,"minecraft:climb_one_cm":17336,"minecraft:walk_one_cm":1804293,"minecraft:sneak_time":124417,"minecraft:walk_under_water_one_cm":937274,"minecraft:boat_one_cm":133727,"minecraft:total_world_time":2137229,"minecraft:pot_flower":2,"minecraft:time_since_rest":352967,"minecraft:damage_taken":3345,"minecraft:damage_absorbed":654,"minecraft:swim_one_cm":8662,"minecraft:fly_one_cm":24901870,"minecraft:aviate_one_cm":6908955,"minecraft:fall_one_cm":24496},"minecraft:used":{"framedblocks:framed_half_pillar":4,"securitycraft:trophy_system":2,"create:brass_casing":7,"cgm:machine_pistol":70,"minecraft:chiseled_deepslate":84,"minecraft:polished_deepslate":21,"minecraft:ladder":3,"minecraft:black_carpet":1,"createdeco:cast_iron_catwalk":26,"minecraft:shield":82,"farmersdelight:cabbage":1,"minecraft:stone":5,"minecraft:iron_sword":4,"minecraft:zombie_spawn_egg":7,"create:haunted_bell":2,"securitycraft:security_camera":8,"securitycraft:username_logger":1,"create:railway_casing":34,"bellsandwhistles:polished_tuff_pilot":1,"create:analog_lever":1,"create:fluid_tank":1,"chipped:pegged_white_concrete":2,"minecraft:skeleton_spawn_egg":2,"chipped:alchemy_bench":1,"createdeco:cast_iron_mesh_fence":9,"minecraft:deepslate_tile_slab":162,"minecraft:cracked_deepslate_tiles":7,"minecraft:deepslate_brick_slab":10,"railways:flat_riveted_locometal":89,"create:brown_seat":2,"create:polished_cut_deepslate_slab":13,"create:metal_girder":54,"create:controller_rail":1,"minecraft:milk_bucket":2,"minecraft:honey_bottle":12,"minecraft:polished_deepslate_stairs":8,"railways:smokestack_streamlined":8,"chipped:smooth_red_concrete":2,"securitycraft:camera_monitor":14,"create:controls":3,"minecraft:netherite_shovel":327,"bellsandwhistles:polished_scoria_pilot":1,"minecraft:stripped_dark_oak_wood":64,"chipped:scattered_cobweb":1,"minecraft:villager_spawn_egg":194,"cgm:shotgun":9,"chipped:railed_dark_oak_planks":8,"minecraft:grass_block":1736,"cfm:stripped_dark_oak_table":12,"chipped:solid_dark_oak_trapdoor":13,"minecraft:dark_oak_wood":1065,"framedblocks:framed_panel":63,"minecraft:dark_oak_slab":21,"bellsandwhistles:polished_scorchia_pilot":1,"chipped:railed_black_concrete":4,"chipped:piked_iron_bars":4,"minecraft:stone_bricks":12,"framedblocks:framed_sign":6,"railways:flat_slashed_locometal":47,"minecraft:red_carpet":50,"horror_element_mod:impaled_skeleton":1,"create:rotation_speed_controller":1,"create:shaft":58,"securitycraft:laser_block":12,"create:industrial_iron_block":164,"bellsandwhistles:polished_crimsite_pilot":1,"cgm:heavy_rifle":65,"horror_element_mod:blood_1":3,"securitycraft:harming_module":2,"railways:black_slashed_locometal":1,"createdeco:zinc_bars":1,"horror_element_mod:primitive_head":1,"securitycraft:electrified_iron_fence":5,"minecraft:dark_oak_stairs":21,"createdeco:netherite_bars":1,"horror_element_mod:scientist_body":1,"create:cut_deepslate_brick_slab":3,"createdeco:netherite_catwalk_stairs":2,"framedblocks:framed_door":15,"minecraft:dark_oak_sign":11,"minecraft:oak_planks":30,"createdeco:netherite_bars_overlay":1,"mcwwindows:golden_curtain_rod":4,"securitycraft:keypad_frame":1,"minecraft:redstone_block":4,"chipped:white_concrete_tiles":1,"horror_element_mod:beheaded_body":1,"create:copper_valve_handle":2,"createdeco:netherite_catwalk":2,"minecraft:sand":1,"create:track_station":4,"create:flywheel":12,"minecraft:loom":1,"cfm:stripped_spruce_desk_cabinet":2,"railways:riveted_locometal":1,"cgm:bazooka":16,"createdeco:cast_iron_sheet_slab_vert":4,"minecraft:ochre_froglight":24,"securitycraft:reinforced_hopper":1,"minecraft:deepslate_brick_stairs":26,"minecraft:deepslate_tiles":5,"farmersdelight:black_canvas_sign":21,"minecraft:enderman_spawn_egg":3,"railways:slashed_locometal":1,"minecraft:firework_rocket":1887,"minecraft:dark_oak_log":1165,"minecraft:bread":13,"minecraft:barrier":2259,"minecraft:stone_button":14,"bellsandwhistles:copper_bogie_steps":1,"cfm:oak_upgraded_fence":8,"securitycraft:smart_module":4,"create:peculiar_bell":2,"mcwwindows:oak_plank_parapet":2,"mcwwindows:blackstone_parapet":4,"cgm:assault_rifle":52,"minecraft:coal_block":9,"create:basin":21,"railways:locometal_smokebox":2,"minecraft:ice":12,"minecraft:oak_boat":14,"sereneseasons:season_sensor":1,"cgm:mini_gun":68,"create:steam_whistle":1,"minecraft:coarse_dirt":756,"create:andesite_bars":3,"securitycraft:reinforced_oak_log":2828,"minecraft:cobweb":23,"minecraft:oak_fence":4,"chipped:railed_iron_bars":1,"create:clipboard":4,"minecraft:oak_trapdoor":71,"minecraft:netherite_sword":6,"minecraft:jungle_leaves":7,"framedblocks:framed_rail_slope":7,"create:brass_door":1,"framedblocks:framed_button":4,"framedblocks:framed_slab":67,"minecraft:red_concrete":33,"horror_element_mod:desert_marine_head":1,"minecraft:light_gray_carpet":17,"minecraft:spruce_planks":498,"createdeco:cast_iron_hull":1,"minecraft:ender_chest":2,"create:cuckoo_clock":1,"securitycraft:bucket_f_lava":1,"securitycraft:keypad_door_item":5,"chipped:shifted_dark_oak_planks":3,"securitycraft:disguise_module":1,"securitycraft:track_mine":2,"securitycraft:reinforced_iron_bars":2,"minecraft:cut_copper_stairs":12,"minecraft:torch":38,"minecraft:anvil":5,"minecraft:dirt":642,"railways:plated_locometal":1,"minecraft:white_carpet":15,"minecraft:spruce_stairs":23,"create:copycat_panel":1676,"create:netherite_backtank":1,"create:mechanical_plough":1,"cgm:rifle":88,"framedblocks:framed_fancy_rail":13,"createdeco:netherite_sheet_metal":2,"createdeco:brass_bars":2,"create:red_valve_handle":2,"railways:smokestack_long":1,"create:spruce_window":7,"railways:gray_riveted_locometal":2,"create:chute":1,"createdeco:yellow_netherite_lamp":37,"railways:black_locometal_smokebox":1,"minecraft:dark_oak_planks":125,"railways:black_flat_riveted_locometal":1,"createdeco:purple_placard":1,"bellsandwhistles:headlight":12,"chipped:white_concrete_pillar":1,"minecraft:bookshelf":6,"create:wrench":30,"create:metal_bracket":30,"create:copycat_step":29,"createdeco:cast_iron_sheet_metal":9,"minecraft:totem_of_undying":1,"minecraft:barrel":8,"chipped:smooth_white_concrete":21,"securitycraft:sentry":39,"chipped:crying_basalt":1,"createdeco:cast_iron_sheet_slab":5,"cfm:stripped_spruce_upgraded_fence":2255,"minecraft:glowstone":2,"create:gray_seat":38,"minecraft:iron_trapdoor":35,"minecraft:wolf_spawn_egg":10,"framedblocks:framed_divided_panel_vertical":1,"minecraft:podzol":10,"minecraft:minecart":1,"railways:black_flat_slashed_locometal":1,"ags_day_counter:calendar":3,"securitycraft:bouncing_betty":3,"minecraft:cobbled_deepslate":1,"chipped:vertically_railed_dark_oak_planks":4,"minecraft:enchanted_golden_apple":15,"securitycraft:stone_mine":1,"securitycraft:reinforced_ochre_froglight":3,"create:handheld_worldshaper":21,"railways:black_locometal_pillar":1,"create:brass_block":4,"securitycraft:reinforced_oak_planks":709,"framedblocks:framed_inner_corner_slope":4,"cgm:pistol":1093,"railways:track_blackstone":3,"minecraft:mud_brick_slab":1,"create:train_door":31,"cgm:stun_grenade":6,"createdeco:cast_iron_catwalk_stairs":27,"securitycraft:panic_button":1,"create:red_seat":15,"framedblocks:framed_fancy_powered_rail":5,"minecraft:deepslate_bricks":3803,"railways:track_switch_andesite":18,"minecraft:polished_deepslate_slab":29,"minecraft:rail":2,"create:brass_funnel":43,"minecraft:crafting_table":3,"chipped:white_concrete_panel":5,"createdeco:cast_iron_bars_overlay":9,"minecraft:white_bed":2,"bellsandwhistles:andesite_door_step":9,"minecraft:oak_log":7,"create:track":477,"framedblocks:framed_divided_panel_horizontal":332,"minecraft:flower_pot":2,"create:andesite_ladder":2,"minecraft:command_block":1,"railways:track_monorail":10,"railways:iron_wrapped_locometal":5,"minecraft:pig_spawn_egg":1,"railways:smokestack_oilburner":2,"minecraft:spruce_trapdoor":56,"securitycraft:bucket_f_water":11,"minecraft:spruce_sapling":1167,"createdeco:copper_hull":12,"minecraft:potion":2,"bellsandwhistles:andesite_grab_rails":9,"securitycraft:admin_tool":2,"createdeco:cast_iron_support":16,"bellsandwhistles:andesite_bogie_steps":4,"create:hand_crank":5,"securitycraft:reinforced_oak_stairs":17,"minecraft:husk_spawn_egg":2,"create:redstone_link":1,"createdeco:cast_iron_bars":20,"create:dark_oak_window":2,"createdeco:netherite_mesh_fence":1,"railways:black_plated_locometal":1,"chipped:red_concrete_panel":1},"minecraft:crafted":{"simplehats:tophat":2,"minecraft:deepslate_brick_slab":6,"simplehats:plaguedoctor":1},"minecraft:broken":{"minecraft:shield":1},"minecraft:dropped":{"minecraft:iron_sword":1,"create:metal_girder":1,"create:super_glue":1,"minecraft:porkchop":2,"minecraft:elytra":1,"minecraft:red_carpet":1,"minecraft:dirt":32,"chipped:smooth_white_concrete":1,"minecraft:cornflower":17,"minecraft:jungle_sapling":1,"create:goggles":1,"cgm:pistol":4,"minecraft:rotten_flesh":2,"minecraft:netherite_shovel":1,"chipped:white_concrete_panel":1,"minecraft:golden_shovel":14,"minecraft:honey_bottle":1,"minecraft:azure_bluet":10,"minecraft:poppy":1,"create:wrench":1,"create:copycat_panel":65,"securitycraft:camera_monitor":3,"minecraft:firework_rocket":1,"minecraft:bread":64,"minecraft:wheat_seeds":15,"bellsandwhistles:headlight":1,"minecraft:barrier":1,"railways:track_switch_andesite":1,"minecraft:grass_block":257,"create:handheld_worldshaper":1,"create:railway_casing":3,"create:metal_bracket":1,"farmersdelight:roast_chicken_block":1,"minecraft:spruce_sapling":10,"create:shaft":2,"minecraft:polished_deepslate_slab":1,"create:netherite_diving_boots":1,"minecraft:spruce_planks":1,"create:brass_casing":2},"minecraft:picked_up":{"create:metal_bracket":10,"minecraft:lead":2,"create:wrench":1,"minecraft:enchanted_book":1,"securitycraft:reinforced_oak_planks":1,"minecraft:string":3,"railways:track_switch_andesite":3,"farmersdelight:cabbage":4,"minecraft:spruce_planks":1,"securitycraft:reinforced_oak_log":1,"farmersdelight:cabbage_seeds":12,"bellsandwhistles:headlight":1,"minecraft:stick":11,"minecraft:torch":1,"securitycraft:camera_monitor":1,"minecraft:porkchop":6,"minecraft:rotten_flesh":12,"minecraft:honey_bottle":1,"securitycraft:harming_module":2,"create:track":1,"minecraft:glowstone":1,"minecraft:cobblestone":1,"minecraft:barrier":2,"minecraft:feather":2,"chipped:pegged_white_concrete":1,"farmersdelight:roast_chicken_block":1,"cgm:heavy_rifle":3,"minecraft:dirt":215,"securitycraft:sentry":39,"minecraft:bone":6,"minecraft:wheat_seeds":76,"minecraft:dark_oak_sign":6,"create:goggles":2,"create:netherite_diving_boots":2,"simplehats:spyzombie":1,"minecraft:oak_planks":1,"create:super_glue":1,"minecraft:grass_block":2,"railways:light_blue_conductor_cap":1,"minecraft:dark_oak_log":83,"chipped:pegged_red_concrete":2,"cgm:silencer":6,"cgm:shell":194,"cgm:pistol":9,"cgm:stun_grenade":1,"minecraft:bread":62,"minecraft:oak_sapling":3,"minecraft:azure_bluet":10,"minecraft:clay_ball":28,"minecraft:chicken":1,"minecraft:ladder":3,"minecraft:cornflower":17,"minecraft:oak_trapdoor":1,"minecraft:elytra":2,"cgm:weighted_stock":1,"securitycraft:smart_module":4,"minecraft:jungle_sapling":3,"minecraft:egg":2,"farmersdelight:black_canvas_sign":2,"minecraft:polished_deepslate_slab":1,"create:railway_casing":2,"create:brass_casing":1,"minecraft:dark_oak_planks":4,"minecraft:arrow":4,"minecraft:deepslate_bricks":2,"minecraft:mutton":4,"minecraft:white_wool":3,"minecraft:oxeye_daisy":1,"minecraft:netherite_boots":1,"securitycraft:disguise_module":1,"minecraft:ochre_froglight":1,"minecraft:gunpowder":1,"minecraft:red_carpet":1,"minecraft:stone_bricks":1,"minecraft:apple":2,"minecraft:kelp":11,"securitycraft:security_camera":1,"minecraft:iron_sword":3,"bellsandwhistles:copper_bogie_steps":1,"minecraft:dandelion":3,"chipped:red_concrete_panel":1,"minecraft:spruce_sapling":11,"minecraft:white_bed":1,"minecraft:spider_eye":1,"minecraft:firework_rocket":2,"cfm:stripped_spruce_upgraded_fence":1,"minecraft:coal":9},"minecraft:killed":{"minecraft:spider":5,"minecraft:cod":2,"minecraft:pufferfish":1,"minecraft:skeleton":10,"minecraft:chicken":1,"minecraft:tropical_fish":4,"minecraft:wolf":6,"minecraft:pig":6,"minecraft:creeper":7,"minecraft:sheep":3,"minecraft:zombie":15,"minecraft:cow":2,"minecraft:drowned":1,"minecraft:squid":1,"minecraft:polar_bear":2,"minecraft:enderman":1},"minecraft:killed_by":{"minecraft:player":2,"minecraft:enderman":2}},"DataVersion":3120}