{
  "cfm:recipes/cfm/spruce_kitchen_drawer": {
    "criteria": {
      "has_planks": "2024-08-25 22:55:22 +0000"
    },
    "done": true
  },
  "minecraft:recipes/tools/fishing_rod": {
    "criteria": {
      "has_string": "2024-08-25 23:06:30 +0000"
    },
    "done": true
  },
  "minecraft:recipes/food/cooked_mutton_from_campfire_cooking": {
    "criteria": {
      "has_mutton": "2024-08-26 23:14:19 +0000"
    },
    "done": true
  },
  "create:wrench_goggles": {
    "criteria": {
      "1": "2024-08-26 23:56:55 +0000"
    },
    "done": false
  },
  "minecraft:recipes/redstone/lever": {
    "criteria": {
      "has_cobblestone": "2024-08-25 22:41:27 +0000"
    },
    "done": true
  },
  "create:recipes/create.palettes/cut_diorite_brick_stairs_from_stone_types_diorite_stonecutting": {
    "criteria": {
      "has_stone_types_diorite": "2024-08-25 23:25:37 +0000"
    },
    "done": true
  },
  "minecraft:recipes/redstone/spruce_door": {
    "criteria": {
      "has_planks": "2024-08-25 22:55:22 +0000"
    },
    "done": true
  },
  "create:recipes/building_blocks/diorite_from_stone_types_diorite_stonecutting": {
    "criteria": {
      "has_stone_types_diorite": "2024-08-25 23:25:37 +0000"
    },
    "done": true
  },
  "minecraft:recipes/building_blocks/lime_concrete_powder": {
    "criteria": {
      "has_sand": "2024-08-25 23:23:44 +0000"
    },
    "done": true
  },
  "create:recipes/create.palettes/polished_cut_diorite_wall_from_stone_types_diorite_stonecutting": {
    "criteria": {
      "has_stone_types_diorite": "2024-08-25 23:25:37 +0000"
    },
    "done": true
  },
  "minecraft:recipes/redstone/spruce_fence_gate": {
    "criteria": {
      "has_planks": "2024-08-25 22:55:22 +0000"
    },
    "done": true
  },
  "minecraft:recipes/building_blocks/yellow_concrete_powder": {
    "criteria": {
      "has_sand": "2024-08-25 23:23:44 +0000"
    },
    "done": true
  },
  "railways:recipes/railways/dying_existing_cap_magenta": {
    "criteria": {
      "hasitem": "2024-08-26 23:41:49 +0000"
    },
    "done": true
  },
  "cfm:recipes/cfm/spruce_bedside_cabinet": {
    "criteria": {
      "has_planks": "2024-08-25 22:55:22 +0000"
    },
    "done": true
  },
  "railways:recipes/railways_palettes/crafting/palettes/dyeing_1x/pink_iron_wrapped_locometal": {
    "criteria": {
      "has_item": "2024-08-26 23:32:45 +0000"
    },
    "done": true
  },
  "minecraft:recipes/decorations/crafting_table": {
    "criteria": {
      "has_planks": "2024-08-25 22:55:22 +0000"
    },
    "done": true
  },
  "minecraft:recipes/building_blocks/magenta_wool": {
    "criteria": {
      "has_white_wool": "2024-08-26 23:14:19 +0000"
    },
    "done": true
  },
  "cfm:recipes/cfm/stripped_birch_kitchen_sink_light": {
    "criteria": {
      "has_bucket": "2024-08-27 00:26:11 +0000"
    },
    "done": true
  },
  "create:recipes/create.palettes/crafting/kinetics/light_gray_seat": {
    "criteria": {
      "has_wool": "2024-08-26 23:14:19 +0000"
    },
    "done": true
  },
  "railways:recipes/railways_palettes/crafting/palettes/dyeing_1x/magenta_iron_wrapped_locometal_boiler": {
    "criteria": {
      "has_item": "2024-08-27 00:18:19 +0000"
    },
    "done": true
  },
  "minecraft:recipes/decorations/chest": {
    "criteria": {
      "has_lots_of_items": "2024-08-25 21:42:07 +0000"
    },
    "done": true
  },
  "minecraft:recipes/decorations/mud_brick_wall": {
    "criteria": {
      "has_mud_bricks": "2024-08-25 23:29:19 +0000"
    },
    "done": true
  },
  "minecraft:recipes/transportation/mangrove_boat": {
    "criteria": {
      "in_water": "2024-08-25 21:44:18 +0000"
    },
    "done": true
  },
  "minecraft:recipes/redstone/spruce_button": {
    "criteria": {
      "has_planks": "2024-08-25 22:55:22 +0000"
    },
    "done": true
  },
  "minecraft:recipes/misc/stick": {
    "criteria": {
      "has_planks": "2024-08-25 22:55:22 +0000"
    },
    "done": true
  },
  "mcwwindows:recipes/dark_prismarine": {
    "criteria": {
      "has_the_recipe": "2024-08-25 22:57:31 +0000"
    },
    "done": true
  },
  "railways:recipes/railways/dying_existing_cap_pink": {
    "criteria": {
      "hasitem": "2024-08-26 23:41:49 +0000"
    },
    "done": true
  },
  "create:recipes/create.base/crafting/kinetics/large_water_wheel": {
    "criteria": {
      "has_item": "2024-08-25 22:26:10 +0000"
    },
    "done": true
  },
  "railways:recipes/railways_palettes/crafting/palettes/dyeing_8x/red_iron_wrapped_locometal_boiler": {
    "criteria": {
      "has_item": "2024-08-27 00:18:19 +0000"
    },
    "done": true
  },
  "create:recipes/create.palettes/crafting/kinetics/yellow_seat": {
    "criteria": {
      "has_wool": "2024-08-26 23:14:19 +0000"
    },
    "done": true
  },
  "cfm:recipes/cfm/crimson_kitchen_sink_light": {
    "criteria": {
      "has_bucket": "2024-08-27 00:26:11 +0000"
    },
    "done": true
  },
  "cfm:recipes/cfm/stripped_jungle_kitchen_sink_dark": {
    "criteria": {
      "has_bucket": "2024-08-27 00:26:11 +0000"
    },
    "done": true
  },
  "securitycraft:recipes/securitycraft/deepslate_diamond_mine": {
    "criteria": {
      "has_mine": "2024-08-25 22:13:27 +0000"
    },
    "done": true
  },
  "railways:recipes/railways_palettes/crafting/palettes/dyeing_1x/blue_iron_wrapped_locometal": {
    "criteria": {
      "has_item": "2024-08-26 23:32:45 +0000"
    },
    "done": true
  },
  "cfm:recipes/cfm/gray_kitchen_sink": {
    "criteria": {
      "has_bucket": "2024-08-27 00:26:11 +0000"
    },
    "done": true
  },
  "minecraft:recipes/building_blocks/cobblestone_slab": {
    "criteria": {
      "has_cobblestone": "2024-08-25 22:41:27 +0000"
    },
    "done": true
  },
  "create:recipes/create.base/crafting/appliances/netherite_diving_boots_from_netherite": {
    "criteria": {
      "has_item": "2024-08-25 22:02:55 +0000"
    },
    "done": true
  },
  "create:recipes/create.palettes/polished_cut_diorite_stairs_from_stone_types_diorite_stonecutting": {
    "criteria": {
      "has_stone_types_diorite": "2024-08-25 23:25:37 +0000"
    },
    "done": true
  },
  "cfm:recipes/cfm/spruce_cabinet": {
    "criteria": {
      "has_planks": "2024-08-25 22:55:22 +0000"
    },
    "done": true
  },
  "railways:recipes/railways_palettes/crafting/palettes/dyeing_1x/lime_iron_wrapped_locometal": {
    "criteria": {
      "has_item": "2024-08-26 23:32:45 +0000"
    },
    "done": true
  },
  "ags_day_counter:tenth_day_advancement": {
    "criteria": {
      "tenth_day_advancement": "2024-08-27 00:25:23 +0000"
    },
    "done": true
  },
  "cfm:recipes/cfm/oak_bedside_cabinet": {
    "criteria": {
      "has_log": "2024-08-25 22:57:31 +0000"
    },
    "done": true
  },
  "minecraft:recipes/food/dried_kelp_from_smoking": {
    "criteria": {
      "has_kelp": "2024-08-27 00:07:07 +0000"
    },
    "done": true
  },
  "securitycraft:recipes/securitycraft/deepslate_lapis_mine": {
    "criteria": {
      "has_mine": "2024-08-25 22:13:27 +0000"
    },
    "done": true
  },
  "securitycraft:recipes/securitycraft/gold_mine": {
    "criteria": {
      "has_mine": "2024-08-25 22:13:27 +0000"
    },
    "done": true
  },
  "securitycraft:recipes/securitycraft/ancient_debris_mine": {
    "criteria": {
      "has_mine": "2024-08-25 22:13:27 +0000"
    },
    "done": true
  },
  "create:recipes/transportation/crafting/kinetics/minecart_from_contraption_cart": {
    "criteria": {
      "has_item": "2024-08-25 22:35:20 +0000"
    },
    "done": true
  },
  "minecraft:recipes/building_blocks/deepslate_tiles_from_deepslate_bricks_stonecutting": {
    "criteria": {
      "has_deepslate_bricks": "2024-08-25 22:43:43 +0000"
    },
    "done": true
  },
  "create:recipes/create.palettes/crafting/kinetics/lime_seat": {
    "criteria": {
      "has_wool": "2024-08-26 23:14:19 +0000"
    },
    "done": true
  },
  "railways:recipes/railways/dying_existing_cap_black": {
    "criteria": {
      "hasitem": "2024-08-26 23:41:49 +0000"
    },
    "done": true
  },
  "railways:recipes/railways_palettes/crafting/palettes/dyeing_1x/pink_iron_wrapped_locometal_boiler": {
    "criteria": {
      "has_item": "2024-08-27 00:18:19 +0000"
    },
    "done": true
  },
  "minecraft:recipes/building_blocks/light_gray_concrete_powder": {
    "criteria": {
      "has_sand": "2024-08-25 23:23:44 +0000"
    },
    "done": true
  },
  "railways:recipes/railways_palettes/crafting/palettes/dyeing_8x/white_iron_wrapped_locometal_boiler": {
    "criteria": {
      "has_item": "2024-08-27 00:18:19 +0000"
    },
    "done": true
  },
  "railways:recipes/railways/dying_existing_cap_orange": {
    "criteria": {
      "hasitem": "2024-08-26 23:41:49 +0000"
    },
    "done": true
  },
  "create:recipes/create.base/crafting/appliances/netherite_diving_helmet_from_netherite": {
    "criteria": {
      "has_item": "2024-08-25 22:02:45 +0000"
    },
    "done": true
  },
  "railways:recipes/railways_palettes/crafting/palettes/dyeing_1x/gray_iron_wrapped_locometal_boiler": {
    "criteria": {
      "has_item": "2024-08-27 00:18:19 +0000"
    },
    "done": true
  },
  "cfm:recipes/cfm/black_kitchen_sink": {
    "criteria": {
      "has_bucket": "2024-08-27 00:26:11 +0000"
    },
    "done": true
  },
  "cfm:recipes/cfm/jungle_kitchen_sink_light": {
    "criteria": {
      "has_bucket": "2024-08-27 00:26:11 +0000"
    },
    "done": true
  },
  "minecraft:recipes/building_blocks/pink_concrete_powder": {
    "criteria": {
      "has_sand": "2024-08-25 23:23:44 +0000"
    },
    "done": true
  },
  "create:recipes/create.palettes/cut_diorite_from_stone_types_diorite_stonecutting": {
    "criteria": {
      "has_stone_types_diorite": "2024-08-25 23:25:37 +0000"
    },
    "done": true
  },
  "minecraft:recipes/food/cooked_mutton_from_grill_cooking": {
    "criteria": {
      "has_mutton": "2024-08-26 23:14:19 +0000"
    },
    "done": true
  },
  "railways:recipes/railways/dying_existing_cap_red": {
    "criteria": {
      "hasitem": "2024-08-26 23:41:49 +0000"
    },
    "done": true
  },
  "railways:recipes/railways_palettes/crafting/palettes/dyeing_8x/magenta_iron_wrapped_locometal": {
    "criteria": {
      "has_item": "2024-08-26 23:32:45 +0000"
    },
    "done": true
  },
  "cfm:recipes/cfm/spruce_kitchen_sink_dark": {
    "criteria": {
      "has_bottom": "2024-08-25 22:55:22 +0000"
    },
    "done": true
  },
  "cgm:recipes/cgm/grenade": {
    "criteria": {
      "has_gunpowder": "2024-08-25 23:29:19 +0000"
    },
    "done": true
  },
  "cfm:recipes/cfm/dark_oak_kitchen_sink_dark": {
    "criteria": {
      "has_bucket": "2024-08-27 00:26:11 +0000"
    },
    "done": true
  },
  "cfm:recipes/cfm/purple_kitchen_sink": {
    "criteria": {
      "has_bucket": "2024-08-27 00:26:11 +0000"
    },
    "done": true
  },
  "minecraft:recipes/decorations/deepslate_brick_wall_from_deepslate_bricks_stonecutting": {
    "criteria": {
      "has_deepslate_bricks": "2024-08-25 22:43:43 +0000"
    },
    "done": true
  },
  "minecraft:recipes/building_blocks/blue_wool": {
    "criteria": {
      "has_white_wool": "2024-08-26 23:14:19 +0000"
    },
    "done": true
  },
  "create:recipes/create.base/crafting/kinetics/track_station": {
    "criteria": {
      "has_item": "2024-08-26 23:30:53 +0000"
    },
    "done": true
  },
  "create:recipes/create.palettes/cut_diorite_brick_wall_from_stone_types_diorite_stonecutting": {
    "criteria": {
      "has_stone_types_diorite": "2024-08-25 23:25:37 +0000"
    },
    "done": true
  },
  "railways:recipes/railways_palettes/crafting/palettes/dyeing_8x/lime_iron_wrapped_locometal_boiler": {
    "criteria": {
      "has_item": "2024-08-27 00:18:19 +0000"
    },
    "done": true
  },
  "cfm:recipes/cfm/mangrove_kitchen_sink_light": {
    "criteria": {
      "has_bucket": "2024-08-27 00:26:11 +0000"
    },
    "done": true
  },
  "cfm:recipes/cfm/dark_oak_kitchen_sink_light": {
    "criteria": {
      "has_bucket": "2024-08-27 00:26:11 +0000"
    },
    "done": true
  },
  "minecraft:recipes/brewing/cauldron": {
    "criteria": {
      "has_water_bucket": "2024-08-27 00:25:52 +0000"
    },
    "done": true
  },
  "minecraft:recipes/transportation/chest_minecart": {
    "criteria": {
      "has_minecart": "2024-08-25 22:35:22 +0000"
    },
    "done": true
  },
  "minecraft:recipes/building_blocks/sandstone": {
    "criteria": {
      "has_sand": "2024-08-25 23:23:44 +0000"
    },
    "done": true
  },
  "minecraft:recipes/building_blocks/cobblestone_slab_from_cobblestone_stonecutting": {
    "criteria": {
      "has_cobblestone": "2024-08-25 22:41:27 +0000"
    },
    "done": true
  },
  "minecraft:recipes/building_blocks/mud_brick_stairs_from_mud_bricks_stonecutting": {
    "criteria": {
      "has_mud_bricks": "2024-08-25 23:29:19 +0000"
    },
    "done": true
  },
  "minecraft:recipes/food/dried_kelp_from_smelting": {
    "criteria": {
      "has_kelp": "2024-08-27 00:07:07 +0000"
    },
    "done": true
  },
  "create:recipes/create.palettes/crafting/kinetics/red_seat": {
    "criteria": {
      "has_wool": "2024-08-26 23:14:19 +0000"
    },
    "done": true
  },
  "create:recipes/create.palettes/small_diorite_brick_wall_from_stone_types_diorite_stonecutting": {
    "criteria": {
      "has_stone_types_diorite": "2024-08-25 23:25:37 +0000"
    },
    "done": true
  },
  "cfm:recipes/cfm/oak_kitchen_drawer": {
    "criteria": {
      "has_log": "2024-08-25 22:57:31 +0000"
    },
    "done": true
  },
  "cfm:recipes/cfm/stripped_oak_coffee_table": {
    "criteria": {
      "has_planks": "2024-08-25 22:57:31 +0000"
    },
    "done": true
  },
  "minecraft:recipes/transportation/acacia_boat": {
    "criteria": {
      "in_water": "2024-08-25 21:44:18 +0000"
    },
    "done": true
  },
  "securitycraft:recipes/securitycraft/furnace_mine": {
    "criteria": {
      "has_mine": "2024-08-25 22:13:27 +0000"
    },
    "done": true
  },
  "cfm:recipes/cfm/stripped_oak_cabinet": {
    "criteria": {
      "has_log": "2024-08-25 22:57:31 +0000"
    },
    "done": true
  },
  "securitycraft:recipes/securitycraft/quartz_mine": {
    "criteria": {
      "has_mine": "2024-08-25 22:13:27 +0000"
    },
    "done": true
  },
  "securitycraft:recipes/securitycraft/gravel_mine": {
    "criteria": {
      "has_mine": "2024-08-25 22:13:27 +0000"
    },
    "done": true
  },
  "minecraft:recipes/building_blocks/ice_from_freezing": {
    "criteria": {
      "has_water": "2024-08-27 00:25:52 +0000"
    },
    "done": true
  },
  "minecraft:adventure/root": {
    "criteria": {
      "killed_something": "2024-08-25 21:43:14 +0000"
    },
    "done": true
  },
  "cfm:recipes/cfm/stripped_mangrove_kitchen_sink_dark": {
    "criteria": {
      "has_bucket": "2024-08-27 00:26:11 +0000"
    },
    "done": true
  },
  "create:recipes/create.base/crafting/kinetics/track_observer_from_other_plates": {
    "criteria": {
      "has_item": "2024-08-26 23:30:53 +0000"
    },
    "done": true
  },
  "mcwwindows:recipes/acacia": {
    "criteria": {
      "has_the_recipe": "2024-08-25 22:57:31 +0000"
    },
    "done": true
  },
  "minecraft:recipes/building_blocks/white_concrete_powder": {
    "criteria": {
      "has_sand": "2024-08-25 23:23:44 +0000"
    },
    "done": true
  },
  "railways:recipes/railways_palettes/crafting/palettes/dyeing_1x/white_iron_wrapped_locometal_boiler": {
    "criteria": {
      "has_item": "2024-08-27 00:18:19 +0000"
    },
    "done": true
  },
  "minecraft:recipes/building_blocks/white_wool_from_string": {
    "criteria": {
      "has_string": "2024-08-25 23:06:30 +0000"
    },
    "done": true
  },
  "railways:recipes/railways_palettes/crafting/palettes/dyeing_1x/light_blue_iron_wrapped_locometal": {
    "criteria": {
      "has_item": "2024-08-26 23:32:45 +0000"
    },
    "done": true
  },
  "cfm:recipes/cfm/stripped_oak_desk_cabinet": {
    "criteria": {
      "has_planks": "2024-08-25 22:57:31 +0000"
    },
    "done": true
  },
  "minecraft:recipes/decorations/mud_brick_wall_from_mud_bricks_stonecutting": {
    "criteria": {
      "has_mud_bricks": "2024-08-25 23:29:19 +0000"
    },
    "done": true
  },
  "minecraft:recipes/building_blocks/mud_brick_slab": {
    "criteria": {
      "has_mud_bricks": "2024-08-25 23:29:19 +0000"
    },
    "done": true
  },
  "cfm:recipes/cfm/acacia_kitchen_sink_dark": {
    "criteria": {
      "has_bucket": "2024-08-27 00:26:11 +0000"
    },
    "done": true
  },
  "minecraft:adventure/kill_all_mobs": {
    "criteria": {
      "minecraft:skeleton": "2024-08-25 23:20:00 +0000",
      "minecraft:spider": "2024-08-25 23:06:30 +0000",
      "minecraft:creeper": "2024-08-25 23:17:11 +0000",
      "minecraft:enderman": "2024-08-26 00:29:43 +0000",
      "minecraft:zombie": "2024-08-26 00:30:05 +0000",
      "minecraft:zombie_villager": "2024-08-26 00:30:54 +0000"
    },
    "done": false
  },
  "cfm:recipes/cfm/stripped_spruce_kitchen_sink_light": {
    "criteria": {
      "has_bucket": "2024-08-27 00:26:11 +0000"
    },
    "done": true
  },
  "minecraft:story/enchant_item": {
    "criteria": {
      "enchanted_item": "2024-08-25 22:07:56 +0000"
    },
    "done": true
  },
  "securitycraft:recipes/securitycraft/iron_mine": {
    "criteria": {
      "has_mine": "2024-08-25 22:13:27 +0000"
    },
    "done": true
  },
  "minecraft:recipes/food/cooked_chicken_from_campfire_cooking": {
    "criteria": {
      "has_chicken": "2024-08-25 21:45:03 +0000"
    },
    "done": true
  },
  "railways:recipes/railways_palettes/crafting/palettes/dyeing_8x/magenta_iron_wrapped_locometal_boiler": {
    "criteria": {
      "has_item": "2024-08-27 00:18:19 +0000"
    },
    "done": true
  },
  "minecraft:recipes/food/cooked_mutton_from_smoking": {
    "criteria": {
      "has_mutton": "2024-08-26 23:14:19 +0000"
    },
    "done": true
  },
  "minecraft:recipes/building_blocks/deepslate_brick_slab": {
    "criteria": {
      "has_deepslate_bricks": "2024-08-25 22:43:43 +0000"
    },
    "done": true
  },
  "create:recipes/create.palettes/crafting/kinetics/train_door": {
    "criteria": {
      "has_item": "2024-08-26 23:30:53 +0000"
    },
    "done": true
  },
  "cfm:recipes/cfm/blue_kitchen_sink": {
    "criteria": {
      "has_bucket": "2024-08-27 00:26:11 +0000"
    },
    "done": true
  },
  "mcwwindows:recipes/diorite": {
    "criteria": {
      "has_the_recipe": "2024-08-25 22:57:31 +0000"
    },
    "done": true
  },
  "cgm:recipes/cgm/stun_grenade": {
    "criteria": {
      "has_gunpowder": "2024-08-25 23:29:19 +0000"
    },
    "done": true
  },
  "cfm:recipes/cfm/spruce_park_bench": {
    "criteria": {
      "has_planks": "2024-08-25 22:55:22 +0000"
    },
    "done": true
  },
  "create:recipes/create.palettes/small_diorite_brick_stairs_from_stone_types_diorite_stonecutting": {
    "criteria": {
      "has_stone_types_diorite": "2024-08-25 23:25:37 +0000"
    },
    "done": true
  },
  "railways:recipes/railways/crafting/conductor_whistle": {
    "criteria": {
      "has_item": "2024-08-26 23:41:49 +0000"
    },
    "done": true
  },
  "railways:recipes/railways/dying_existing_cap_purple": {
    "criteria": {
      "hasitem": "2024-08-26 23:41:49 +0000"
    },
    "done": true
  },
  "cfm:recipes/cfm/spruce_table": {
    "criteria": {
      "has_planks": "2024-08-25 22:55:22 +0000"
    },
    "done": true
  },
  "minecraft:recipes/food/cooked_porkchop": {
    "criteria": {
      "has_porkchop": "2024-08-25 21:43:15 +0000"
    },
    "done": true
  },
  "minecraft:recipes/building_blocks/orange_concrete_powder": {
    "criteria": {
      "has_sand": "2024-08-25 23:23:44 +0000"
    },
    "done": true
  },
  "securitycraft:recipes/securitycraft/deepslate_iron_mine": {
    "criteria": {
      "has_mine": "2024-08-25 22:13:27 +0000"
    },
    "done": true
  },
  "cfm:recipes/cfm/spruce_chair": {
    "criteria": {
      "has_planks": "2024-08-25 22:55:22 +0000"
    },
    "done": true
  },
  "mcwwindows:recipes/granite": {
    "criteria": {
      "has_the_recipe": "2024-08-25 22:57:31 +0000"
    },
    "done": true
  },
  "securitycraft:recipes/securitycraft/stone_mine": {
    "criteria": {
      "has_mine": "2024-08-25 22:13:27 +0000"
    },
    "done": true
  },
  "cfm:recipes/cfm/stripped_oak_park_bench": {
    "criteria": {
      "has_log": "2024-08-25 22:57:31 +0000"
    },
    "done": true
  },
  "create:recipes/create.palettes/cut_diorite_slab_from_stone_types_diorite_stonecutting": {
    "criteria": {
      "has_stone_types_diorite": "2024-08-25 23:25:37 +0000"
    },
    "done": true
  },
  "minecraft:recipes/food/cooked_porkchop_from_campfire_cooking": {
    "criteria": {
      "has_porkchop": "2024-08-25 21:43:15 +0000"
    },
    "done": true
  },
  "railways:recipes/railways_palettes/crafting/palettes/dyeing_1x/purple_iron_wrapped_locometal": {
    "criteria": {
      "has_item": "2024-08-26 23:32:45 +0000"
    },
    "done": true
  },
  "railways:recipes/railways_palettes/crafting/palettes/dyeing_8x/lime_iron_wrapped_locometal": {
    "criteria": {
      "has_item": "2024-08-26 23:32:45 +0000"
    },
    "done": true
  },
  "framedblocks:recipes/framed_blocks/framed_cube": {
    "criteria": {
      "hasPlanks": "2024-08-25 22:55:22 +0000"
    },
    "done": true
  },
  "railways:recipes/railways/dying_existing_cap_light_blue": {
    "criteria": {
      "hasitem": "2024-08-26 23:41:49 +0000"
    },
    "done": true
  },
  "railways:recipes/railways_palettes/crafting/palettes/dyeing_1x/red_iron_wrapped_locometal_boiler": {
    "criteria": {
      "has_item": "2024-08-27 00:18:19 +0000"
    },
    "done": true
  },
  "minecraft:recipes/building_blocks/black_wool": {
    "criteria": {
      "has_white_wool": "2024-08-26 23:14:19 +0000"
    },
    "done": true
  },
  "cfm:recipes/cfm/stripped_crimson_kitchen_sink_light": {
    "criteria": {
      "has_bucket": "2024-08-27 00:26:11 +0000"
    },
    "done": true
  },
  "mcwwindows:recipes/andesite": {
    "criteria": {
      "has_the_recipe": "2024-08-25 22:57:31 +0000"
    },
    "done": true
  },
  "cfm:recipes/cfm/stripped_mangrove_kitchen_sink_light": {
    "criteria": {
      "has_bucket": "2024-08-27 00:26:11 +0000"
    },
    "done": true
  },
  "cfm:recipes/cfm/stripped_oak_kitchen_sink_dark": {
    "criteria": {
      "has_bucket": "2024-08-27 00:26:11 +0000"
    },
    "done": true
  },
  "mcwwindows:recipes/sandstone": {
    "criteria": {
      "has_the_recipe": "2024-08-25 22:57:31 +0000"
    },
    "done": true
  },
  "minecraft:recipes/building_blocks/diorite_stairs_from_diorite_stonecutting": {
    "criteria": {
      "has_diorite": "2024-08-25 23:25:37 +0000"
    },
    "done": true
  },
  "railways:recipes/railways_palettes/crafting/palettes/dyeing_8x/light_blue_iron_wrapped_locometal_boiler": {
    "criteria": {
      "has_item": "2024-08-27 00:18:19 +0000"
    },
    "done": true
  },
  "minecraft:recipes/food/cooked_chicken_from_grill_cooking": {
    "criteria": {
      "has_chicken": "2024-08-25 21:45:03 +0000"
    },
    "done": true
  },
  "create:recipes/create.palettes/small_diorite_brick_slab_from_stone_types_diorite_stonecutting": {
    "criteria": {
      "has_stone_types_diorite": "2024-08-25 23:25:37 +0000"
    },
    "done": true
  },
  "railways:recipes/railways_palettes/crafting/palettes/dyeing_8x/red_iron_wrapped_locometal": {
    "criteria": {
      "has_item": "2024-08-26 23:32:45 +0000"
    },
    "done": true
  },
  "railways:recipes/railways/dying_existing_cap_green": {
    "criteria": {
      "hasitem": "2024-08-26 23:41:49 +0000"
    },
    "done": true
  },
  "cfm:recipes/cfm/stripped_oak_crate": {
    "criteria": {
      "has_planks": "2024-08-25 22:57:31 +0000"
    },
    "done": true
  },
  "mcwwindows:recipes/bricks": {
    "criteria": {
      "has_the_recipe": "2024-08-25 22:57:31 +0000"
    },
    "done": true
  },
  "cfm:recipes/cfm/crimson_kitchen_sink_dark": {
    "criteria": {
      "has_bucket": "2024-08-27 00:26:11 +0000"
    },
    "done": true
  },
  "cfm:recipes/cfm/oak_chair": {
    "criteria": {
      "has_log": "2024-08-25 22:57:31 +0000"
    },
    "done": true
  },
  "securitycraft:recipes/securitycraft/deepslate_redstone_mine": {
    "criteria": {
      "has_mine": "2024-08-25 22:13:27 +0000"
    },
    "done": true
  },
  "create:recipes/create.base/crafting/appliances/netherite_backtank_from_netherite": {
    "criteria": {
      "has_item": "2024-08-25 22:02:49 +0000"
    },
    "done": true
  },
  "create:recipes/transportation/crafting/kinetics/furnace_minecart_from_contraption_cart": {
    "criteria": {
      "has_item": "2024-08-25 22:35:20 +0000"
    },
    "done": true
  },
  "cfm:recipes/cfm/acacia_kitchen_sink_light": {
    "criteria": {
      "has_bucket": "2024-08-27 00:26:11 +0000"
    },
    "done": true
  },
  "create:recipes/create.palettes/crafting/kinetics/cyan_seat": {
    "criteria": {
      "has_wool": "2024-08-26 23:14:19 +0000"
    },
    "done": true
  },
  "railways:recipes/railways_palettes/crafting/palettes/dyeing_8x/cyan_iron_wrapped_locometal_boiler": {
    "criteria": {
      "has_item": "2024-08-27 00:18:19 +0000"
    },
    "done": true
  },
  "minecraft:recipes/building_blocks/light_blue_wool": {
    "criteria": {
      "has_white_wool": "2024-08-26 23:14:19 +0000"
    },
    "done": true
  },
  "minecraft:recipes/building_blocks/oak_planks": {
    "criteria": {
      "has_logs": "2024-08-25 22:57:31 +0000"
    },
    "done": true
  },
  "railways:recipes/railways_palettes/crafting/palettes/dyeing_1x/green_iron_wrapped_locometal": {
    "criteria": {
      "has_item": "2024-08-26 23:32:45 +0000"
    },
    "done": true
  },
  "cfm:recipes/cfm/cyan_kitchen_sink": {
    "criteria": {
      "has_bucket": "2024-08-27 00:26:11 +0000"
    },
    "done": true
  },
  "cfm:recipes/cfm/spruce_coffee_table": {
    "criteria": {
      "has_planks": "2024-08-25 22:55:22 +0000"
    },
    "done": true
  },
  "minecraft:recipes/building_blocks/gray_concrete_powder": {
    "criteria": {
      "has_sand": "2024-08-25 23:23:44 +0000"
    },
    "done": true
  },
  "railways:recipes/railways_palettes/crafting/palettes/dyeing_8x/pink_iron_wrapped_locometal_boiler": {
    "criteria": {
      "has_item": "2024-08-27 00:18:19 +0000"
    },
    "done": true
  },
  "railways:recipes/railways_palettes/crafting/palettes/dyeing_8x/pink_iron_wrapped_locometal": {
    "criteria": {
      "has_item": "2024-08-26 23:32:45 +0000"
    },
    "done": true
  },
  "cfm:recipes/cfm/stripped_oak_kitchen_counter": {
    "criteria": {
      "has_log": "2024-08-25 22:57:31 +0000"
    },
    "done": true
  },
  "railways:recipes/railways/dying_existing_cap_blue": {
    "criteria": {
      "hasitem": "2024-08-26 23:41:49 +0000"
    },
    "done": true
  },
  "create:recipes/create.palettes/crafting/kinetics/magenta_seat": {
    "criteria": {
      "has_wool": "2024-08-26 23:14:19 +0000"
    },
    "done": true
  },
  "minecraft:recipes/decorations/deepslate_tile_wall_from_deepslate_bricks_stonecutting": {
    "criteria": {
      "has_deepslate_bricks": "2024-08-25 22:43:43 +0000"
    },
    "done": true
  },
  "cgm:recipes/cgm/basic_bullet": {
    "criteria": {
      "has_gunpowder": "2024-08-25 23:29:19 +0000"
    },
    "done": true
  },
  "cfm:recipes/cfm/green_kitchen_sink": {
    "criteria": {
      "has_bucket": "2024-08-27 00:26:11 +0000"
    },
    "done": true
  },
  "minecraft:recipes/redstone/tripwire_hook": {
    "criteria": {
      "has_string": "2024-08-25 23:06:30 +0000"
    },
    "done": true
  },
  "securitycraft:recipes/securitycraft/sand_mine": {
    "criteria": {
      "has_mine": "2024-08-25 22:13:27 +0000"
    },
    "done": true
  },
  "minecraft:recipes/building_blocks/black_concrete_powder": {
    "criteria": {
      "has_sand": "2024-08-25 23:23:44 +0000"
    },
    "done": true
  },
  "cfm:recipes/cfm/stripped_acacia_kitchen_sink_dark": {
    "criteria": {
      "has_bucket": "2024-08-27 00:26:11 +0000"
    },
    "done": true
  },
  "minecraft:recipes/building_blocks/deepslate_tile_stairs_from_deepslate_bricks_stonecutting": {
    "criteria": {
      "has_deepslate_bricks": "2024-08-25 22:43:43 +0000"
    },
    "done": true
  },
  "mcwwindows:recipes/components": {
    "criteria": {
      "has_wood": "2024-08-25 22:57:31 +0000"
    },
    "done": true
  },
  "create:track_0": {
    "criteria": {
      "0": "2024-08-25 22:31:20 +0000"
    },
    "done": true
  },
  "minecraft:recipes/combat/crossbow": {
    "criteria": {
      "has_string": "2024-08-25 23:06:30 +0000"
    },
    "done": true
  },
  "railways:recipes/railways/conductor_vent_from_industrial_iron_block_stonecutting": {
    "criteria": {
      "has_industrial_iron_block": "2024-08-27 00:34:55 +0000"
    },
    "done": true
  },
  "railways:recipes/railways_palettes/crafting/palettes/dyeing_1x/orange_iron_wrapped_locometal": {
    "criteria": {
      "has_item": "2024-08-26 23:32:45 +0000"
    },
    "done": true
  },
  "railways:recipes/railways_palettes/crafting/palettes/dyeing_8x/blue_iron_wrapped_locometal": {
    "criteria": {
      "has_item": "2024-08-26 23:32:45 +0000"
    },
    "done": true
  },
  "mcwwindows:recipes/warped": {
    "criteria": {
      "has_the_recipe": "2024-08-25 22:57:31 +0000"
    },
    "done": true
  },
  "minecraft:recipes/redstone/spruce_pressure_plate": {
    "criteria": {
      "has_planks": "2024-08-25 22:55:22 +0000"
    },
    "done": true
  },
  "minecraft:recipes/building_blocks/yellow_wool": {
    "criteria": {
      "has_white_wool": "2024-08-26 23:14:19 +0000"
    },
    "done": true
  },
  "create:recipes/create.palettes/crafting/kinetics/orange_seat": {
    "criteria": {
      "has_wool": "2024-08-26 23:14:19 +0000"
    },
    "done": true
  },
  "mcwwindows:recipes/mangrove": {
    "criteria": {
      "has_the_recipe": "2024-08-25 22:57:31 +0000"
    },
    "done": true
  },
  "minecraft:recipes/food/cooked_porkchop_from_smoking": {
    "criteria": {
      "has_porkchop": "2024-08-25 21:43:15 +0000"
    },
    "done": true
  },
  "minecraft:recipes/building_blocks/polished_diorite_from_diorite_stonecutting": {
    "criteria": {
      "has_diorite": "2024-08-25 23:25:37 +0000"
    },
    "done": true
  },
  "railways:recipes/railways_palettes/crafting/palettes/dyeing_8x/light_blue_iron_wrapped_locometal": {
    "criteria": {
      "has_item": "2024-08-26 23:32:45 +0000"
    },
    "done": true
  },
  "securitycraft:recipes/securitycraft/deepslate_copper_mine": {
    "criteria": {
      "has_mine": "2024-08-25 22:13:27 +0000"
    },
    "done": true
  },
  "securitycraft:recipes/securitycraft/end_stone_mine": {
    "criteria": {
      "has_mine": "2024-08-25 22:13:27 +0000"
    },
    "done": true
  },
  "minecraft:recipes/building_blocks/cracked_deepslate_bricks": {
    "criteria": {
      "has_deepslate_bricks": "2024-08-25 22:43:43 +0000"
    },
    "done": true
  },
  "create:recipes/create.palettes/spruce_window": {
    "criteria": {
      "has_ingredient": "2024-08-25 22:55:22 +0000"
    },
    "done": true
  },
  "cfm:recipes/cfm/stripped_oak_desk": {
    "criteria": {
      "has_planks": "2024-08-25 22:57:31 +0000"
    },
    "done": true
  },
  "minecraft:recipes/building_blocks/red_concrete_powder": {
    "criteria": {
      "has_sand": "2024-08-25 23:23:44 +0000"
    },
    "done": true
  },
  "securitycraft:recipes/securitycraft/reinforced_diorite": {
    "criteria": {
      "has_cobblestone": "2024-08-25 22:41:27 +0000"
    },
    "done": true
  },
  "securitycraft:recipes/securitycraft/reinforced_oak_planks": {
    "criteria": {
      "has_log": "2024-08-25 22:43:49 +0000"
    },
    "done": true
  },
  "minecraft:adventure/kill_a_mob": {
    "criteria": {
      "minecraft:spider": "2024-08-25 23:06:30 +0000"
    },
    "done": true
  },
  "minecraft:recipes/decorations/diorite_wall": {
    "criteria": {
      "has_diorite": "2024-08-25 23:25:37 +0000"
    },
    "done": true
  },
  "railways:recipes/railways_palettes/crafting/palettes/dyeing_1x/light_blue_iron_wrapped_locometal_boiler": {
    "criteria": {
      "has_item": "2024-08-27 00:18:19 +0000"
    },
    "done": true
  },
  "cfm:recipes/cfm/stripped_birch_kitchen_sink_dark": {
    "criteria": {
      "has_bucket": "2024-08-27 00:26:11 +0000"
    },
    "done": true
  },
  "create:recipes/create.base/crafting/kinetics/track_observer": {
    "criteria": {
      "has_item": "2024-08-26 23:30:53 +0000"
    },
    "done": true
  },
  "railways:recipes/railways_palettes/crafting/palettes/dyeing_1x/blue_iron_wrapped_locometal_boiler": {
    "criteria": {
      "has_item": "2024-08-27 00:18:19 +0000"
    },
    "done": true
  },
  "minecraft:recipes/building_blocks/stone": {
    "criteria": {
      "has_cobblestone": "2024-08-25 22:41:27 +0000"
    },
    "done": true
  },
  "minecraft:recipes/building_blocks/mud_brick_stairs": {
    "criteria": {
      "has_mud_bricks": "2024-08-25 23:29:19 +0000"
    },
    "done": true
  },
  "cgm:recipes/cgm/missile": {
    "criteria": {
      "has_gunpowder": "2024-08-25 23:29:19 +0000"
    },
    "done": true
  },
  "minecraft:adventure/adventuring_time": {
    "criteria": {
      "minecraft:birch_forest": "2024-08-25 22:02:05 +0000",
      "minecraft:beach": "2024-08-25 22:02:10 +0000",
      "minecraft:sparse_jungle": "2024-08-25 21:33:54 +0000",
      "minecraft:lukewarm_ocean": "2024-08-25 21:42:20 +0000",
      "minecraft:river": "2024-08-25 22:02:04 +0000",
      "minecraft:stony_shore": "2024-08-25 23:24:15 +0000",
      "minecraft:cold_ocean": "2024-08-25 23:24:03 +0000",
      "minecraft:forest": "2024-08-26 00:32:57 +0000",
      "minecraft:lush_caves": "2024-08-25 22:54:38 +0000",
      "minecraft:ocean": "2024-08-25 23:23:52 +0000",
      "minecraft:jungle": "2024-08-26 00:33:50 +0000",
      "minecraft:deep_lukewarm_ocean": "2024-08-25 21:43:38 +0000",
      "minecraft:old_growth_birch_forest": "2024-08-25 22:01:47 +0000",
      "minecraft:plains": "2024-08-25 23:23:27 +0000"
    },
    "done": false
  },
  "cfm:recipes/cfm/stripped_crimson_kitchen_sink_dark": {
    "criteria": {
      "has_bucket": "2024-08-27 00:26:11 +0000"
    },
    "done": true
  },
  "railways:recipes/railways_palettes/crafting/palettes/dyeing_1x/light_gray_iron_wrapped_locometal_boiler": {
    "criteria": {
      "has_item": "2024-08-27 00:18:19 +0000"
    },
    "done": true
  },
  "mcwwindows:recipes/curtain_rods": {
    "criteria": {
      "has_the_recipe": "2024-08-25 22:57:31 +0000"
    },
    "done": true
  },
  "railways:recipes/railways_palettes/crafting/palettes/dyeing_1x/yellow_iron_wrapped_locometal_boiler": {
    "criteria": {
      "has_item": "2024-08-27 00:18:19 +0000"
    },
    "done": true
  },
  "minecraft:recipes/combat/stone_sword": {
    "criteria": {
      "has_cobblestone": "2024-08-25 22:41:27 +0000"
    },
    "done": true
  },
  "create:recipes/create.base/crafting/kinetics/controls": {
    "criteria": {
      "has_item": "2024-08-26 23:30:53 +0000"
    },
    "done": true
  },
  "minecraft:recipes/decorations/cobblestone_wall": {
    "criteria": {
      "has_cobblestone": "2024-08-25 22:41:27 +0000"
    },
    "done": true
  },
  "minecraft:recipes/decorations/barrel": {
    "criteria": {
      "has_planks": "2024-08-25 22:55:22 +0000"
    },
    "done": true
  },
  "securitycraft:recipes/securitycraft/reinforced_oak_wood": {
    "criteria": {
      "has_log": "2024-08-25 22:43:49 +0000"
    },
    "done": true
  },
  "minecraft:recipes/tools/stone_pickaxe": {
    "criteria": {
      "has_cobblestone": "2024-08-25 22:41:27 +0000"
    },
    "done": true
  },
  "cfm:recipes/cfm/stripped_acacia_kitchen_sink_light": {
    "criteria": {
      "has_bucket": "2024-08-27 00:26:11 +0000"
    },
    "done": true
  },
  "cfm:recipes/cfm/oak_desk_cabinet": {
    "criteria": {
      "has_log": "2024-08-25 22:57:31 +0000"
    },
    "done": true
  },
  "railways:recipes/railways/crafting/small_buffer": {
    "criteria": {
      "has_item": "2024-08-27 00:34:55 +0000"
    },
    "done": true
  },
  "railways:recipes/railways_palettes/crafting/palettes/dyeing_8x/green_iron_wrapped_locometal": {
    "criteria": {
      "has_item": "2024-08-26 23:32:45 +0000"
    },
    "done": true
  },
  "minecraft:recipes/decorations/deepslate_brick_wall": {
    "criteria": {
      "has_deepslate_bricks": "2024-08-25 22:43:43 +0000"
    },
    "done": true
  },
  "securitycraft:recipes/securitycraft/ims": {
    "criteria": {
      "has_radar": "2024-08-25 22:44:56 +0000"
    },
    "done": true
  },
  "railways:recipes/railways/benchcart": {
    "criteria": {
      "hasitem": "2024-08-25 22:35:22 +0000"
    },
    "done": true
  },
  "minecraft:recipes/decorations/cobblestone_wall_from_cobblestone_stonecutting": {
    "criteria": {
      "has_cobblestone": "2024-08-25 22:41:27 +0000"
    },
    "done": true
  },
  "railways:recipes/railways/jukeboxcart": {
    "criteria": {
      "hasitem": "2024-08-25 22:35:22 +0000"
    },
    "done": true
  },
  "farmersdelight:recipes/farmersdelight/cooking/pumpkin_soup": {
    "criteria": {
      "has_any_ingredient": "2024-08-25 21:43:15 +0000"
    },
    "done": true
  },
  "farmersdelight:recipes/farmersdelight/spruce_cabinet": {
    "criteria": {
      "has_spruce_trapdoor": "2024-08-25 23:03:13 +0000"
    },
    "done": true
  },
  "cfm:recipes/cfm/warped_kitchen_sink_light": {
    "criteria": {
      "has_bucket": "2024-08-27 00:26:11 +0000"
    },
    "done": true
  },
  "railways:recipes/railways_palettes/crafting/palettes/dyeing_1x/red_iron_wrapped_locometal": {
    "criteria": {
      "has_item": "2024-08-26 23:32:45 +0000"
    },
    "done": true
  },
  "minecraft:recipes/food/dried_kelp_from_campfire_cooking": {
    "criteria": {
      "has_kelp": "2024-08-27 00:07:07 +0000"
    },
    "done": true
  },
  "securitycraft:recipes/securitycraft/deepslate_emerald_mine": {
    "criteria": {
      "has_mine": "2024-08-25 22:13:27 +0000"
    },
    "done": true
  },
  "mcwwindows:recipes/oak": {
    "criteria": {
      "has_wood": "2024-08-25 22:57:31 +0000"
    },
    "done": true
  },
  "railways:recipes/railways/dying_existing_cap_yellow": {
    "criteria": {
      "hasitem": "2024-08-26 23:41:49 +0000"
    },
    "done": true
  },
  "mcwwindows:recipes/quartz": {
    "criteria": {
      "has_the_recipe": "2024-08-25 22:57:31 +0000"
    },
    "done": true
  },
  "farmersdelight:main/craft_knife": {
    "criteria": {
      "diamond_knife": "2024-08-25 22:22:50 +0000"
    },
    "done": true
  },
  "minecraft:recipes/transportation/tnt_minecart": {
    "criteria": {
      "has_minecart": "2024-08-25 22:35:22 +0000"
    },
    "done": true
  },
  "railways:recipes/railways_palettes/crafting/palettes/dyeing_8x/orange_iron_wrapped_locometal": {
    "criteria": {
      "has_item": "2024-08-26 23:32:45 +0000"
    },
    "done": true
  },
  "minecraft:recipes/building_blocks/deepslate_tile_slab_from_deepslate_bricks_stonecutting": {
    "criteria": {
      "has_deepslate_bricks": "2024-08-25 22:43:43 +0000"
    },
    "done": true
  },
  "cfm:recipes/cfm/jungle_kitchen_sink_dark": {
    "criteria": {
      "has_bucket": "2024-08-27 00:26:11 +0000"
    },
    "done": true
  },
  "railways:recipes/railways_palettes/crafting/palettes/dyeing_1x/orange_iron_wrapped_locometal_boiler": {
    "criteria": {
      "has_item": "2024-08-27 00:18:19 +0000"
    },
    "done": true
  },
  "minecraft:recipes/misc/gold_nugget_from_smelting": {
    "criteria": {
      "has_golden_shovel": "2024-08-26 23:45:17 +0000"
    },
    "done": true
  },
  "cfm:recipes/cfm/stripped_spruce_kitchen_sink_dark": {
    "criteria": {
      "has_bucket": "2024-08-27 00:26:11 +0000"
    },
    "done": true
  },
  "minecraft:recipes/building_blocks/polished_diorite": {
    "criteria": {
      "has_diorite": "2024-08-25 23:25:37 +0000"
    },
    "done": true
  },
  "cfm:recipes/cfm/light_blue_kitchen_sink": {
    "criteria": {
      "has_bucket": "2024-08-27 00:26:11 +0000"
    },
    "done": true
  },
  "minecraft:recipes/building_blocks/light_gray_wool": {
    "criteria": {
      "has_white_wool": "2024-08-26 23:14:19 +0000"
    },
    "done": true
  },
  "minecraft:recipes/food/cooked_chicken": {
    "criteria": {
      "has_chicken": "2024-08-25 21:45:03 +0000"
    },
    "done": true
  },
  "cfm:recipes/cfm/spruce_crate": {
    "criteria": {
      "has_planks": "2024-08-25 22:55:22 +0000"
    },
    "done": true
  },
  "minecraft:recipes/building_blocks/red_wool": {
    "criteria": {
      "has_white_wool": "2024-08-26 23:14:19 +0000"
    },
    "done": true
  },
  "railways:recipes/railways_palettes/crafting/palettes/dyeing_8x/black_iron_wrapped_locometal_boiler": {
    "criteria": {
      "has_item": "2024-08-27 00:18:19 +0000"
    },
    "done": true
  },
  "mcwwindows:recipes/stone": {
    "criteria": {
      "has_the_recipe": "2024-08-25 22:57:31 +0000"
    },
    "done": true
  },
  "securitycraft:recipes/securitycraft/diamond_mine": {
    "criteria": {
      "has_mine": "2024-08-25 22:13:27 +0000"
    },
    "done": true
  },
  "minecraft:recipes/tools/stone_axe": {
    "criteria": {
      "has_cobblestone": "2024-08-25 22:41:27 +0000"
    },
    "done": true
  },
  "minecraft:recipes/food/cooked_mutton": {
    "criteria": {
      "has_mutton": "2024-08-26 23:14:19 +0000"
    },
    "done": true
  },
  "cfm:recipes/cfm/stripped_dark_oak_kitchen_sink_dark": {
    "criteria": {
      "has_bucket": "2024-08-27 00:26:11 +0000"
    },
    "done": true
  },
  "cfm:recipes/cfm/yellow_kitchen_sink": {
    "criteria": {
      "has_bucket": "2024-08-27 00:26:11 +0000"
    },
    "done": true
  },
  "cfm:recipes/cfm/birch_kitchen_sink_dark": {
    "criteria": {
      "has_bucket": "2024-08-27 00:26:11 +0000"
    },
    "done": true
  },
  "cfm:recipes/cfm/spruce_kitchen_counter": {
    "criteria": {
      "has_planks": "2024-08-25 22:55:22 +0000"
    },
    "done": true
  },
  "minecraft:recipes/building_blocks/mud_brick_slab_from_mud_bricks_stonecutting": {
    "criteria": {
      "has_mud_bricks": "2024-08-25 23:29:19 +0000"
    },
    "done": true
  },
  "cfm:recipes/cfm/white_kitchen_sink": {
    "criteria": {
      "has_bucket": "2024-08-27 00:26:11 +0000"
    },
    "done": true
  },
  "minecraft:recipes/building_blocks/purple_wool": {
    "criteria": {
      "has_white_wool": "2024-08-26 23:14:19 +0000"
    },
    "done": true
  },
  "cfm:recipes/cfm/stripped_dark_oak_kitchen_sink_light": {
    "criteria": {
      "has_bucket": "2024-08-27 00:26:11 +0000"
    },
    "done": true
  },
  "farmersdelight:recipes/farmersdelight/cooking/chicken_soup": {
    "criteria": {
      "has_any_ingredient": "2024-08-25 21:45:03 +0000"
    },
    "done": true
  },
  "minecraft:recipes/building_blocks/cobblestone_stairs_from_cobblestone_stonecutting": {
    "criteria": {
      "has_cobblestone": "2024-08-25 22:41:27 +0000"
    },
    "done": true
  },
  "minecraft:recipes/building_blocks/magenta_concrete_powder": {
    "criteria": {
      "has_sand": "2024-08-25 23:23:44 +0000"
    },
    "done": true
  },
  "securitycraft:recipes/securitycraft/netherrack_mine": {
    "criteria": {
      "has_mine": "2024-08-25 22:13:27 +0000"
    },
    "done": true
  },
  "cfm:recipes/cfm/birch_kitchen_sink_light": {
    "criteria": {
      "has_bucket": "2024-08-27 00:26:11 +0000"
    },
    "done": true
  },
  "cfm:recipes/cfm/red_kitchen_sink": {
    "criteria": {
      "has_bucket": "2024-08-27 00:26:11 +0000"
    },
    "done": true
  },
  "minecraft:recipes/decorations/white_bed": {
    "criteria": {
      "has_white_wool": "2024-08-26 23:14:19 +0000"
    },
    "done": true
  },
  "minecraft:recipes/transportation/furnace_minecart": {
    "criteria": {
      "has_minecart": "2024-08-25 22:35:22 +0000"
    },
    "done": true
  },
  "minecraft:recipes/decorations/candle": {
    "criteria": {
      "has_string": "2024-08-25 23:06:30 +0000"
    },
    "done": true
  },
  "railways:recipes/railways_palettes/crafting/palettes/dyeing_1x/brown_iron_wrapped_locometal": {
    "criteria": {
      "has_item": "2024-08-26 23:32:45 +0000"
    },
    "done": true
  },
  "railways:recipes/railways_palettes/crafting/palettes/dyeing_1x/cyan_iron_wrapped_locometal_boiler": {
    "criteria": {
      "has_item": "2024-08-27 00:18:19 +0000"
    },
    "done": true
  },
  "railways:recipes/railways_palettes/crafting/palettes/dyeing_8x/light_gray_iron_wrapped_locometal_boiler": {
    "criteria": {
      "has_item": "2024-08-27 00:18:19 +0000"
    },
    "done": true
  },
  "minecraft:recipes/building_blocks/diorite_slab_from_diorite_stonecutting": {
    "criteria": {
      "has_diorite": "2024-08-25 23:25:37 +0000"
    },
    "done": true
  },
  "minecraft:recipes/transportation/hopper_minecart": {
    "criteria": {
      "has_minecart": "2024-08-25 22:35:22 +0000"
    },
    "done": true
  },
  "minecraft:recipes/building_blocks/brown_concrete_powder": {
    "criteria": {
      "has_sand": "2024-08-25 23:23:44 +0000"
    },
    "done": true
  },
  "create:recipes/create.palettes/crafting/kinetics/blue_seat": {
    "criteria": {
      "has_wool": "2024-08-26 23:14:19 +0000"
    },
    "done": true
  },
  "create:recipes/create.palettes/cut_diorite_stairs_from_stone_types_diorite_stonecutting": {
    "criteria": {
      "has_stone_types_diorite": "2024-08-25 23:25:37 +0000"
    },
    "done": true
  },
  "cfm:recipes/cfm/stripped_oak_chair": {
    "criteria": {
      "has_planks": "2024-08-25 22:57:31 +0000"
    },
    "done": true
  },
  "cgm:recipes/cgm/advanced_bullet": {
    "criteria": {
      "has_gunpowder": "2024-08-25 23:29:19 +0000"
    },
    "done": true
  },
  "securitycraft:recipes/securitycraft/cobbled_deepslate_mine": {
    "criteria": {
      "has_mine": "2024-08-25 22:13:27 +0000"
    },
    "done": true
  },
  "minecraft:recipes/building_blocks/cyan_wool": {
    "criteria": {
      "has_white_wool": "2024-08-26 23:14:19 +0000"
    },
    "done": true
  },
  "cfm:recipes/cfm/oak_crate": {
    "criteria": {
      "has_log": "2024-08-25 22:57:31 +0000"
    },
    "done": true
  },
  "minecraft:recipes/transportation/spruce_boat": {
    "criteria": {
      "in_water": "2024-08-25 21:44:18 +0000"
    },
    "done": true
  },
  "cfm:recipes/cfm/stripped_oak_table": {
    "criteria": {
      "has_planks": "2024-08-25 22:57:31 +0000"
    },
    "done": true
  },
  "railways:recipes/railways_palettes/crafting/palettes/dyeing_1x/gray_iron_wrapped_locometal": {
    "criteria": {
      "has_item": "2024-08-26 23:32:45 +0000"
    },
    "done": true
  },
  "minecraft:recipes/misc/firework_rocket_simple": {
    "criteria": {
      "has_gunpowder": "2024-08-25 23:29:19 +0000"
    },
    "done": true
  },
  "securitycraft:recipes/securitycraft/dirt_mine": {
    "criteria": {
      "has_mine": "2024-08-25 22:13:27 +0000"
    },
    "done": true
  },
  "minecraft:recipes/building_blocks/gray_wool": {
    "criteria": {
      "has_white_wool": "2024-08-26 23:14:19 +0000"
    },
    "done": true
  },
  "railways:recipes/railways_palettes/crafting/palettes/dyeing_1x/brown_iron_wrapped_locometal_boiler": {
    "criteria": {
      "has_item": "2024-08-27 00:18:19 +0000"
    },
    "done": true
  },
  "cfm:recipes/cfm/oak_kitchen_counter": {
    "criteria": {
      "has_log": "2024-08-25 22:57:31 +0000"
    },
    "done": true
  },
  "cfm:recipes/cfm/stripped_oak_kitchen_drawer": {
    "criteria": {
      "has_log": "2024-08-25 22:57:31 +0000"
    },
    "done": true
  },
  "railways:recipes/railways/crafting/link_and_pin": {
    "criteria": {
      "has_item": "2024-08-27 00:34:55 +0000"
    },
    "done": true
  },
  "minecraft:recipes/building_blocks/deepslate_tiles": {
    "criteria": {
      "has_deepslate_bricks": "2024-08-25 22:43:43 +0000"
    },
    "done": true
  },
  "minecraft:husbandry/balanced_diet": {
    "criteria": {
      "enchanted_golden_apple": "2024-08-25 22:09:08 +0000"
    },
    "done": false
  },
  "cfm:recipes/cfm/oak_blinds": {
    "criteria": {
      "has_log": "2024-08-25 22:57:31 +0000"
    },
    "done": true
  },
  "mcwwindows:recipes/dark_oak": {
    "criteria": {
      "has_the_recipe": "2024-08-25 22:57:31 +0000"
    },
    "done": true
  },
  "cfm:recipes/cfm/mangrove_kitchen_sink_dark": {
    "criteria": {
      "has_bucket": "2024-08-27 00:26:11 +0000"
    },
    "done": true
  },
  "railways:recipes/railways_palettes/crafting/palettes/dyeing_8x/purple_iron_wrapped_locometal_boiler": {
    "criteria": {
      "has_item": "2024-08-27 00:18:19 +0000"
    },
    "done": true
  },
  "minecraft:recipes/building_blocks/cobblestone_stairs": {
    "criteria": {
      "has_cobblestone": "2024-08-25 22:41:27 +0000"
    },
    "done": true
  },
  "minecraft:recipes/building_blocks/diorite_slab": {
    "criteria": {
      "has_diorite": "2024-08-25 23:25:37 +0000"
    },
    "done": true
  },
  "cfm:recipes/cfm/oak_kitchen_sink_dark": {
    "criteria": {
      "has_bucket": "2024-08-27 00:26:11 +0000"
    },
    "done": true
  },
  "mcwwindows:recipes/prismarine": {
    "criteria": {
      "has_the_recipe": "2024-08-25 22:57:31 +0000"
    },
    "done": true
  },
  "securitycraft:recipes/securitycraft/coal_mine": {
    "criteria": {
      "has_mine": "2024-08-25 22:13:27 +0000"
    },
    "done": true
  },
  "railways:recipes/railways_palettes/crafting/palettes/dyeing_1x/black_iron_wrapped_locometal_boiler": {
    "criteria": {
      "has_item": "2024-08-27 00:18:19 +0000"
    },
    "done": true
  },
  "railways:recipes/railways_palettes/crafting/palettes/dyeing_1x/purple_iron_wrapped_locometal_boiler": {
    "criteria": {
      "has_item": "2024-08-27 00:18:19 +0000"
    },
    "done": true
  },
  "securitycraft:recipes/securitycraft/copper_mine": {
    "criteria": {
      "has_mine": "2024-08-25 22:13:27 +0000"
    },
    "done": true
  },
  "minecraft:recipes/decorations/white_banner": {
    "criteria": {
      "has_white_wool": "2024-08-26 23:14:19 +0000"
    },
    "done": true
  },
  "mcwwindows:recipes/crimson": {
    "criteria": {
      "has_the_recipe": "2024-08-25 22:57:31 +0000"
    },
    "done": true
  },
  "minecraft:recipes/building_blocks/light_blue_concrete_powder": {
    "criteria": {
      "has_sand": "2024-08-25 23:23:44 +0000"
    },
    "done": true
  },
  "minecraft:recipes/building_blocks/polished_diorite_slab_from_diorite_stonecutting": {
    "criteria": {
      "has_diorite": "2024-08-25 23:25:37 +0000"
    },
    "done": true
  },
  "railways:recipes/railways_palettes/crafting/palettes/dyeing_8x/black_iron_wrapped_locometal": {
    "criteria": {
      "has_item": "2024-08-26 23:32:45 +0000"
    },
    "done": true
  },
  "minecraft:recipes/building_blocks/glass": {
    "criteria": {
      "has_sand": "2024-08-25 23:23:44 +0000"
    },
    "done": true
  },
  "create:recipes/create.palettes/crafting/kinetics/white_seat": {
    "criteria": {
      "has_wool": "2024-08-26 23:14:19 +0000"
    },
    "done": true
  },
  "railways:recipes/railways_palettes/crafting/palettes/dyeing_8x/green_iron_wrapped_locometal_boiler": {
    "criteria": {
      "has_item": "2024-08-27 00:18:19 +0000"
    },
    "done": true
  },
  "securitycraft:recipes/securitycraft/emerald_mine": {
    "criteria": {
      "has_mine": "2024-08-25 22:13:27 +0000"
    },
    "done": true
  },
  "minecraft:recipes/combat/bow": {
    "criteria": {
      "has_string": "2024-08-25 23:06:30 +0000"
    },
    "done": true
  },
  "minecraft:recipes/food/cooked_chicken_from_smoking": {
    "criteria": {
      "has_chicken": "2024-08-25 21:45:03 +0000"
    },
    "done": true
  },
  "minecraft:recipes/redstone/tnt": {
    "criteria": {
      "has_gunpowder": "2024-08-25 23:29:19 +0000"
    },
    "done": true
  },
  "cfm:recipes/cfm/white_sofa": {
    "criteria": {
      "has_wool": "2024-08-26 23:14:19 +0000"
    },
    "done": true
  },
  "minecraft:recipes/building_blocks/purple_concrete_powder": {
    "criteria": {
      "has_sand": "2024-08-25 23:23:44 +0000"
    },
    "done": true
  },
  "securitycraft:recipes/securitycraft/smoker_mine": {
    "criteria": {
      "has_mine": "2024-08-25 22:13:27 +0000"
    },
    "done": true
  },
  "minecraft:recipes/decorations/diorite_wall_from_diorite_stonecutting": {
    "criteria": {
      "has_diorite": "2024-08-25 23:25:37 +0000"
    },
    "done": true
  },
  "railways:recipes/railways_palettes/crafting/palettes/dyeing_1x/black_iron_wrapped_locometal": {
    "criteria": {
      "has_item": "2024-08-26 23:32:45 +0000"
    },
    "done": true
  },
  "minecraft:story/mine_stone": {
    "criteria": {
      "get_stone": "2024-08-25 22:41:27 +0000"
    },
    "done": true
  },
  "railways:recipes/railways_palettes/crafting/palettes/dyeing_8x/light_gray_iron_wrapped_locometal": {
    "criteria": {
      "has_item": "2024-08-26 23:32:45 +0000"
    },
    "done": true
  },
  "create:recipes/create.palettes/cut_diorite_wall_from_stone_types_diorite_stonecutting": {
    "criteria": {
      "has_stone_types_diorite": "2024-08-25 23:25:37 +0000"
    },
    "done": true
  },
  "minecraft:recipes/decorations/furnace": {
    "criteria": {
      "has_cobblestone": "2024-08-25 22:41:27 +0000"
    },
    "done": true
  },
  "minecraft:recipes/misc/charcoal": {
    "criteria": {
      "has_log": "2024-08-25 22:57:31 +0000"
    },
    "done": true
  },
  "minecraft:recipes/building_blocks/orange_wool": {
    "criteria": {
      "has_white_wool": "2024-08-26 23:14:19 +0000"
    },
    "done": true
  },
  "create:recipes/create.palettes/crafting/kinetics/green_seat": {
    "criteria": {
      "has_wool": "2024-08-26 23:14:19 +0000"
    },
    "done": true
  },
  "railways:recipes/railways/dying_existing_cap_brown": {
    "criteria": {
      "hasitem": "2024-08-26 23:41:49 +0000"
    },
    "done": true
  },
  "minecraft:husbandry/root": {
    "criteria": {
      "consumed_item": "2024-08-25 22:09:08 +0000"
    },
    "done": true
  },
  "cfm:recipes/cfm/orange_kitchen_sink": {
    "criteria": {
      "has_bucket": "2024-08-27 00:26:11 +0000"
    },
    "done": true
  },
  "minecraft:recipes/transportation/birch_boat": {
    "criteria": {
      "in_water": "2024-08-25 21:44:18 +0000"
    },
    "done": true
  },
  "railways:recipes/railways_palettes/crafting/palettes/dyeing_8x/cyan_iron_wrapped_locometal": {
    "criteria": {
      "has_item": "2024-08-26 23:32:45 +0000"
    },
    "done": true
  },
  "minecraft:recipes/building_blocks/green_concrete_powder": {
    "criteria": {
      "has_sand": "2024-08-25 23:23:44 +0000"
    },
    "done": true
  },
  "create:recipes/create.palettes/small_diorite_bricks_from_stone_types_diorite_stonecutting": {
    "criteria": {
      "has_stone_types_diorite": "2024-08-25 23:25:37 +0000"
    },
    "done": true
  },
  "create:recipes/create.palettes/crafting/kinetics/purple_seat": {
    "criteria": {
      "has_wool": "2024-08-26 23:14:19 +0000"
    },
    "done": true
  },
  "cfm:recipes/cfm/stripped_warped_kitchen_sink_light": {
    "criteria": {
      "has_bucket": "2024-08-27 00:26:11 +0000"
    },
    "done": true
  },
  "securitycraft:recipes/securitycraft/wire_cutters": {
    "criteria": {
      "has_mine": "2024-08-25 22:13:27 +0000"
    },
    "done": true
  },
  "cfm:recipes/cfm/dark_oak_hedge": {
    "criteria": {
      "has_leaves": "2024-08-25 23:00:42 +0000"
    },
    "done": true
  },
  "farmersdelight:main/root": {
    "criteria": {
      "seeds": "2024-08-25 21:38:43 +0000"
    },
    "done": true
  },
  "mcwwindows:recipes/curtains": {
    "criteria": {
      "has_wood": "2024-08-26 23:14:19 +0000"
    },
    "done": true
  },
  "minecraft:recipes/tools/stone_hoe": {
    "criteria": {
      "has_cobblestone": "2024-08-25 22:41:27 +0000"
    },
    "done": true
  },
  "minecraft:recipes/decorations/spruce_fence": {
    "criteria": {
      "has_planks": "2024-08-25 22:55:22 +0000"
    },
    "done": true
  },
  "create:recipes/create.palettes/polished_cut_diorite_from_stone_types_diorite_stonecutting": {
    "criteria": {
      "has_stone_types_diorite": "2024-08-25 23:25:37 +0000"
    },
    "done": true
  },
  "create:recipes/create.palettes/crafting/kinetics/light_blue_seat": {
    "criteria": {
      "has_wool": "2024-08-26 23:14:19 +0000"
    },
    "done": true
  },
  "cfm:recipes/cfm/oak_upgraded_gate": {
    "criteria": {
      "has_log": "2024-08-25 22:57:31 +0000"
    },
    "done": true
  },
  "securitycraft:recipes/securitycraft/lapis_mine": {
    "criteria": {
      "has_mine": "2024-08-25 22:13:27 +0000"
    },
    "done": true
  },
  "create:recipes/create.palettes/crafting/kinetics/train_trapdoor": {
    "criteria": {
      "has_item": "2024-08-26 23:30:53 +0000"
    },
    "done": true
  },
  "minecraft:recipes/decorations/white_carpet": {
    "criteria": {
      "has_white_wool": "2024-08-26 23:14:19 +0000"
    },
    "done": true
  },
  "minecraft:recipes/building_blocks/spruce_stairs": {
    "criteria": {
      "has_planks": "2024-08-25 22:55:22 +0000"
    },
    "done": true
  },
  "railways:recipes/railways_palettes/crafting/palettes/dyeing_1x/cyan_iron_wrapped_locometal": {
    "criteria": {
      "has_item": "2024-08-26 23:32:45 +0000"
    },
    "done": true
  },
  "mcwwindows:recipes/red_sandstone": {
    "criteria": {
      "has_the_recipe": "2024-08-25 22:57:31 +0000"
    },
    "done": true
  },
  "create:root": {
    "criteria": {
      "0": "2024-08-25 21:38:43 +0000"
    },
    "done": true
  },
  "railways:recipes/railways/dying_existing_cap_lime": {
    "criteria": {
      "hasitem": "2024-08-26 23:41:49 +0000"
    },
    "done": true
  },
  "minecraft:recipes/transportation/oak_boat": {
    "criteria": {
      "in_water": "2024-08-25 21:44:18 +0000"
    },
    "done": true
  },
  "ags_day_counter:firts_day_advancement": {
    "criteria": {
      "firts_day_advancement": "2024-08-25 21:52:37 +0000"
    },
    "done": true
  },
  "securitycraft:recipes/securitycraft/redstone_mine": {
    "criteria": {
      "has_mine": "2024-08-25 22:13:27 +0000"
    },
    "done": true
  },
  "minecraft:recipes/building_blocks/cyan_concrete_powder": {
    "criteria": {
      "has_sand": "2024-08-25 23:23:44 +0000"
    },
    "done": true
  },
  "railways:recipes/railways_palettes/crafting/palettes/dyeing_1x/light_gray_iron_wrapped_locometal": {
    "criteria": {
      "has_item": "2024-08-26 23:32:45 +0000"
    },
    "done": true
  },
  "cfm:recipes/cfm/oak_park_bench": {
    "criteria": {
      "has_log": "2024-08-25 22:57:31 +0000"
    },
    "done": true
  },
  "cfm:recipes/cfm/stripped_oak_kitchen_sink_light": {
    "criteria": {
      "has_bucket": "2024-08-27 00:26:11 +0000"
    },
    "done": true
  },
  "securitycraft:recipes/securitycraft/gilded_blackstone_mine": {
    "criteria": {
      "has_mine": "2024-08-25 22:13:27 +0000"
    },
    "done": true
  },
  "create:recipes/create.palettes/cut_diorite_brick_slab_from_stone_types_diorite_stonecutting": {
    "criteria": {
      "has_stone_types_diorite": "2024-08-25 23:25:37 +0000"
    },
    "done": true
  },
  "minecraft:recipes/decorations/spruce_sign": {
    "criteria": {
      "has_planks": "2024-08-25 22:55:22 +0000"
    },
    "done": true
  },
  "minecraft:recipes/building_blocks/lime_wool": {
    "criteria": {
      "has_white_wool": "2024-08-26 23:14:19 +0000"
    },
    "done": true
  },
  "minecraft:recipes/building_blocks/deepslate_brick_stairs_from_deepslate_bricks_stonecutting": {
    "criteria": {
      "has_deepslate_bricks": "2024-08-25 22:43:43 +0000"
    },
    "done": true
  },
  "mcwwindows:recipes/deepslate": {
    "criteria": {
      "has_the_recipe": "2024-08-25 22:57:31 +0000"
    },
    "done": true
  },
  "minecraft:recipes/building_blocks/polished_diorite_stairs_from_diorite_stonecutting": {
    "criteria": {
      "has_diorite": "2024-08-25 23:25:37 +0000"
    },
    "done": true
  },
  "create:recipes/create.palettes/crafting/kinetics/gray_seat": {
    "criteria": {
      "has_wool": "2024-08-26 23:14:19 +0000"
    },
    "done": true
  },
  "railways:recipes/railways/dying_existing_cap_light_gray": {
    "criteria": {
      "hasitem": "2024-08-26 23:41:49 +0000"
    },
    "done": true
  },
  "minecraft:recipes/decorations/loom": {
    "criteria": {
      "has_string": "2024-08-25 23:06:30 +0000"
    },
    "done": true
  },
  "cfm:recipes/cfm/stripped_warped_kitchen_sink_dark": {
    "criteria": {
      "has_bucket": "2024-08-27 00:26:11 +0000"
    },
    "done": true
  },
  "minecraft:recipes/building_blocks/green_wool": {
    "criteria": {
      "has_white_wool": "2024-08-26 23:14:19 +0000"
    },
    "done": true
  },
  "minecraft:recipes/building_blocks/brown_wool": {
    "criteria": {
      "has_white_wool": "2024-08-26 23:14:19 +0000"
    },
    "done": true
  },
  "railways:recipes/railways_palettes/crafting/palettes/dyeing_1x/yellow_iron_wrapped_locometal": {
    "criteria": {
      "has_item": "2024-08-26 23:32:45 +0000"
    },
    "done": true
  },
  "securitycraft:recipes/securitycraft/nether_gold_mine": {
    "criteria": {
      "has_mine": "2024-08-25 22:13:27 +0000"
    },
    "done": true
  },
  "farmersdelight:recipes/farmersdelight/cooking/pasta_with_mutton_chop": {
    "criteria": {
      "has_any_ingredient": "2024-08-26 23:14:19 +0000"
    },
    "done": true
  },
  "create:recipes/create.palettes/layered_diorite_from_stone_types_diorite_stonecutting": {
    "criteria": {
      "has_stone_types_diorite": "2024-08-25 23:25:37 +0000"
    },
    "done": true
  },
  "cfm:recipes/cfm/magenta_kitchen_sink": {
    "criteria": {
      "has_bucket": "2024-08-27 00:26:11 +0000"
    },
    "done": true
  },
  "mcwwindows:recipes/metal": {
    "criteria": {
      "has_the_recipe": "2024-08-25 22:57:31 +0000"
    },
    "done": true
  },
  "railways:recipes/railways_palettes/crafting/palettes/dyeing_8x/yellow_iron_wrapped_locometal": {
    "criteria": {
      "has_item": "2024-08-26 23:32:45 +0000"
    },
    "done": true
  },
  "minecraft:recipes/decorations/painting": {
    "criteria": {
      "has_wool": "2024-08-26 23:14:19 +0000"
    },
    "done": true
  },
  "securitycraft:recipes/securitycraft/sc_manual": {
    "criteria": {
      "has_wood": "2024-08-25 22:57:31 +0000"
    },
    "done": true
  },
  "railways:recipes/railways/dying_existing_cap_white": {
    "criteria": {
      "hasitem": "2024-08-26 23:41:49 +0000"
    },
    "done": true
  },
  "cfm:recipes/cfm/stripped_oak_bedside_cabinet": {
    "criteria": {
      "has_planks": "2024-08-25 22:57:31 +0000"
    },
    "done": true
  },
  "minecraft:recipes/misc/gold_nugget_from_blasting": {
    "criteria": {
      "has_golden_shovel": "2024-08-26 23:45:17 +0000"
    },
    "done": true
  },
  "minecraft:recipes/tools/stone_shovel": {
    "criteria": {
      "has_cobblestone": "2024-08-25 22:41:27 +0000"
    },
    "done": true
  },
  "railways:recipes/railways_palettes/crafting/palettes/dyeing_8x/purple_iron_wrapped_locometal": {
    "criteria": {
      "has_item": "2024-08-26 23:32:45 +0000"
    },
    "done": true
  },
  "railways:recipes/railways_palettes/crafting/palettes/dyeing_8x/gray_iron_wrapped_locometal": {
    "criteria": {
      "has_item": "2024-08-26 23:32:45 +0000"
    },
    "done": true
  },
  "minecraft:recipes/building_blocks/blue_concrete_powder": {
    "criteria": {
      "has_sand": "2024-08-25 23:23:44 +0000"
    },
    "done": true
  },
  "minecraft:recipes/building_blocks/diorite_stairs": {
    "criteria": {
      "has_diorite": "2024-08-25 23:25:37 +0000"
    },
    "done": true
  },
  "minecraft:recipes/building_blocks/spruce_slab": {
    "criteria": {
      "has_planks": "2024-08-25 22:55:22 +0000"
    },
    "done": true
  },
  "ags_day_counter:day_counter_root_advancement": {
    "criteria": {
      "day_counter_root_advancement": "2024-08-25 21:33:53 +0000"
    },
    "done": true
  },
  "securitycraft:recipes/securitycraft/reinforced_andesite": {
    "criteria": {
      "has_cobblestone": "2024-08-25 22:41:27 +0000"
    },
    "done": true
  },
  "create:recipes/create.palettes/crafting/kinetics/brown_seat": {
    "criteria": {
      "has_wool": "2024-08-26 23:14:19 +0000"
    },
    "done": true
  },
  "cfm:recipes/cfm/oak_table": {
    "criteria": {
      "has_log": "2024-08-25 22:57:31 +0000"
    },
    "done": true
  },
  "minecraft:recipes/building_blocks/andesite": {
    "criteria": {
      "has_stone": "2024-08-25 23:25:37 +0000"
    },
    "done": true
  },
  "cfm:recipes/cfm/spruce_desk": {
    "criteria": {
      "has_planks": "2024-08-25 22:55:22 +0000"
    },
    "done": true
  },
  "railways:recipes/railways_palettes/crafting/palettes/dyeing_8x/gray_iron_wrapped_locometal_boiler": {
    "criteria": {
      "has_item": "2024-08-27 00:18:19 +0000"
    },
    "done": true
  },
  "railways:recipes/railways/dying_existing_cap_gray": {
    "criteria": {
      "hasitem": "2024-08-26 23:41:49 +0000"
    },
    "done": true
  },
  "mcwwindows:recipes/birch": {
    "criteria": {
      "has_the_recipe": "2024-08-25 22:57:31 +0000"
    },
    "done": true
  },
  "create:recipes/create.palettes/crafting/kinetics/black_seat": {
    "criteria": {
      "has_wool": "2024-08-26 23:14:19 +0000"
    },
    "done": true
  },
  "railways:recipes/railways_palettes/crafting/palettes/dyeing_8x/yellow_iron_wrapped_locometal_boiler": {
    "criteria": {
      "has_item": "2024-08-27 00:18:19 +0000"
    },
    "done": true
  },
  "cfm:recipes/cfm/oak_desk": {
    "criteria": {
      "has_log": "2024-08-25 22:57:31 +0000"
    },
    "done": true
  },
  "securitycraft:recipes/securitycraft/laser_block": {
    "criteria": {
      "has_stone": "2024-08-25 23:25:37 +0000"
    },
    "done": true
  },
  "railways:recipes/railways_palettes/crafting/palettes/dyeing_1x/lime_iron_wrapped_locometal_boiler": {
    "criteria": {
      "has_item": "2024-08-27 00:18:19 +0000"
    },
    "done": true
  },
  "minecraft:recipes/building_blocks/oak_wood": {
    "criteria": {
      "has_log": "2024-08-25 22:57:31 +0000"
    },
    "done": true
  },
  "create:recipes/create.palettes/polished_cut_diorite_slab_from_stone_types_diorite_stonecutting": {
    "criteria": {
      "has_stone_types_diorite": "2024-08-25 23:25:37 +0000"
    },
    "done": true
  },
  "securitycraft:recipes/securitycraft/deepslate_gold_mine": {
    "criteria": {
      "has_mine": "2024-08-25 22:13:27 +0000"
    },
    "done": true
  },
  "cfm:recipes/cfm/lime_kitchen_sink": {
    "criteria": {
      "has_bucket": "2024-08-27 00:26:11 +0000"
    },
    "done": true
  },
  "cgm:recipes/cgm/shell": {
    "criteria": {
      "has_gunpowder": "2024-08-25 23:29:19 +0000"
    },
    "done": true
  },
  "cfm:recipes/cfm/warped_kitchen_sink_dark": {
    "criteria": {
      "has_bucket": "2024-08-27 00:26:11 +0000"
    },
    "done": true
  },
  "farmersdelight:recipes/farmersdelight/cooking/noodle_soup": {
    "criteria": {
      "has_any_ingredient": "2024-08-25 21:43:15 +0000"
    },
    "done": true
  },
  "railways:recipes/railways_palettes/crafting/palettes/dyeing_8x/blue_iron_wrapped_locometal_boiler": {
    "criteria": {
      "has_item": "2024-08-27 00:18:19 +0000"
    },
    "done": true
  },
  "cfm:recipes/cfm/light_gray_kitchen_sink": {
    "criteria": {
      "has_bucket": "2024-08-27 00:26:11 +0000"
    },
    "done": true
  },
  "cfm:recipes/cfm/oak_cabinet": {
    "criteria": {
      "has_log": "2024-08-25 22:57:31 +0000"
    },
    "done": true
  },
  "mcwwindows:recipes/blackstone": {
    "criteria": {
      "has_the_recipe": "2024-08-25 22:57:31 +0000"
    },
    "done": true
  },
  "securitycraft:recipes/securitycraft/cobblestone_mine": {
    "criteria": {
      "has_mine": "2024-08-25 22:13:27 +0000"
    },
    "done": true
  },
  "securitycraft:recipes/securitycraft/deepslate_coal_mine": {
    "criteria": {
      "has_mine": "2024-08-25 22:13:27 +0000"
    },
    "done": true
  },
  "railways:recipes/railways/dying_existing_cap_cyan": {
    "criteria": {
      "hasitem": "2024-08-26 23:41:49 +0000"
    },
    "done": true
  },
  "railways:recipes/railways_palettes/crafting/palettes/dyeing_1x/green_iron_wrapped_locometal_boiler": {
    "criteria": {
      "has_item": "2024-08-27 00:18:19 +0000"
    },
    "done": true
  },
  "create:recipes/create.palettes/cut_diorite_bricks_from_stone_types_diorite_stonecutting": {
    "criteria": {
      "has_stone_types_diorite": "2024-08-25 23:25:37 +0000"
    },
    "done": true
  },
  "cfm:recipes/cfm/brown_kitchen_sink": {
    "criteria": {
      "has_bucket": "2024-08-27 00:26:11 +0000"
    },
    "done": true
  },
  "railways:recipes/railways_palettes/crafting/palettes/dyeing_1x/magenta_iron_wrapped_locometal": {
    "criteria": {
      "has_item": "2024-08-26 23:32:45 +0000"
    },
    "done": true
  },
  "minecraft:recipes/decorations/composter": {
    "criteria": {
      "has_wood_slab": "2024-08-25 22:57:43 +0000"
    },
    "done": true
  },
  "railways:recipes/railways_palettes/crafting/palettes/dyeing_8x/orange_iron_wrapped_locometal_boiler": {
    "criteria": {
      "has_item": "2024-08-27 00:18:19 +0000"
    },
    "done": true
  },
  "create:recipes/create.palettes/diorite_pillar_from_stone_types_diorite_stonecutting": {
    "criteria": {
      "has_stone_types_diorite": "2024-08-25 23:25:37 +0000"
    },
    "done": true
  },
  "create:recipes/create.palettes/crafting/kinetics/pink_seat": {
    "criteria": {
      "has_wool": "2024-08-26 23:14:19 +0000"
    },
    "done": true
  },
  "cfm:recipes/cfm/spruce_kitchen_sink_light": {
    "criteria": {
      "has_bottom": "2024-08-25 22:55:22 +0000"
    },
    "done": true
  },
  "minecraft:recipes/transportation/jungle_boat": {
    "criteria": {
      "in_water": "2024-08-25 21:44:18 +0000"
    },
    "done": true
  },
  "minecraft:nether/netherite_armor": {
    "criteria": {
      "netherite_armor": "2024-08-25 22:02:55 +0000"
    },
    "done": true
  },
  "railways:recipes/railways_palettes/crafting/palettes/dyeing_1x/white_iron_wrapped_locometal": {
    "criteria": {
      "has_item": "2024-08-26 23:32:45 +0000"
    },
    "done": true
  },
  "cfm:recipes/cfm/pink_kitchen_sink": {
    "criteria": {
      "has_bucket": "2024-08-27 00:26:11 +0000"
    },
    "done": true
  },
  "mcwwindows:recipes/jungle": {
    "criteria": {
      "has_the_recipe": "2024-08-25 22:57:31 +0000"
    },
    "done": true
  },
  "minecraft:recipes/transportation/dark_oak_boat": {
    "criteria": {
      "in_water": "2024-08-25 21:44:18 +0000"
    },
    "done": true
  },
  "minecraft:recipes/building_blocks/pink_wool": {
    "criteria": {
      "has_white_wool": "2024-08-26 23:14:19 +0000"
    },
    "done": true
  },
  "railways:recipes/railways_palettes/crafting/palettes/dyeing_8x/brown_iron_wrapped_locometal": {
    "criteria": {
      "has_item": "2024-08-26 23:32:45 +0000"
    },
    "done": true
  },
  "mcwwindows:recipes/spruce": {
    "criteria": {
      "has_the_recipe": "2024-08-25 22:57:31 +0000"
    },
    "done": true
  },
  "railways:recipes/railways_palettes/crafting/palettes/dyeing_8x/white_iron_wrapped_locometal": {
    "criteria": {
      "has_item": "2024-08-26 23:32:45 +0000"
    },
    "done": true
  },
  "securitycraft:recipes/securitycraft/deepslate_mine": {
    "criteria": {
      "has_mine": "2024-08-25 22:13:27 +0000"
    },
    "done": true
  },
  "minecraft:recipes/misc/mojang_banner_pattern": {
    "criteria": {
      "has_enchanted_golden_apple": "2024-08-25 22:04:20 +0000"
    },
    "done": true
  },
  "cfm:recipes/cfm/oak_upgraded_fence": {
    "criteria": {
      "has_log": "2024-08-25 22:57:31 +0000"
    },
    "done": true
  },
  "minecraft:recipes/redstone/spruce_trapdoor": {
    "criteria": {
      "has_planks": "2024-08-25 22:55:22 +0000"
    },
    "done": true
  },
  "securitycraft:recipes/securitycraft/blast_furnace_mine": {
    "criteria": {
      "has_mine": "2024-08-25 22:13:27 +0000"
    },
    "done": true
  },
  "minecraft:recipes/transportation/rail": {
    "criteria": {
      "has_minecart": "2024-08-25 22:35:22 +0000"
    },
    "done": true
  },
  "minecraft:recipes/building_blocks/deepslate_brick_slab_from_deepslate_bricks_stonecutting": {
    "criteria": {
      "has_deepslate_bricks": "2024-08-25 22:43:43 +0000"
    },
    "done": true
  },
  "railways:recipes/railways_palettes/crafting/palettes/dyeing_8x/brown_iron_wrapped_locometal_boiler": {
    "criteria": {
      "has_item": "2024-08-27 00:18:19 +0000"
    },
    "done": true
  },
  "minecraft:recipes/food/dried_kelp_from_grill_cooking": {
    "criteria": {
      "has_kelp": "2024-08-27 00:07:07 +0000"
    },
    "done": true
  },
  "minecraft:recipes/food/cooked_porkchop_from_grill_cooking": {
    "criteria": {
      "has_porkchop": "2024-08-25 21:43:15 +0000"
    },
    "done": true
  },
  "securitycraft:recipes/securitycraft/remote_access_mine": {
    "criteria": {
      "has_mine": "2024-08-25 22:13:27 +0000"
    },
    "done": true
  },
  "railways:recipes/railways/crafting/track_coupler": {
    "criteria": {
      "has_item": "2024-08-26 23:30:53 +0000"
    },
    "done": true
  },
  "cfm:recipes/cfm/stripped_jungle_kitchen_sink_light": {
    "criteria": {
      "has_bucket": "2024-08-27 00:26:11 +0000"
    },
    "done": true
  },
  "minecraft:recipes/building_blocks/deepslate_brick_stairs": {
    "criteria": {
      "has_deepslate_bricks": "2024-08-25 22:43:43 +0000"
    },
    "done": true
  },
  "create:recipes/create.base/crafting/kinetics/track_signal": {
    "criteria": {
      "has_item": "2024-08-26 23:30:53 +0000"
    },
    "done": true
  },
  "cfm:recipes/cfm/oak_kitchen_sink_light": {
    "criteria": {
      "has_bucket": "2024-08-27 00:26:11 +0000"
    },
    "done": true
  },
  "cfm:recipes/cfm/spruce_desk_cabinet": {
    "criteria": {
      "has_planks": "2024-08-25 22:55:22 +0000"
    },
    "done": true
  },
  "cfm:recipes/cfm/oak_coffee_table": {
    "criteria": {
      "has_log": "2024-08-25 22:57:31 +0000"
    },
    "done": true
  },
  "DataVersion": 3120
}