{
  "minecraft:recipes/decorations/light_blue_bed_from_white_bed": {
    "criteria": {
      "has_bed": "2024-08-24 02:03:07 +0000"
    },
    "done": true
  },
  "minecraft:recipes/misc/iron_nugget_from_blasting": {
    "criteria": {
      "has_iron_sword": "2024-08-24 02:06:10 +0000"
    },
    "done": true
  },
  "minecraft:recipes/redstone/tnt": {
    "criteria": {
      "has_gunpowder": "2024-08-24 02:08:58 +0000"
    },
    "done": true
  },
  "railways:recipes/railways/dying_existing_cap_red": {
    "criteria": {
      "hasitem": "2024-08-24 01:56:34 +0000"
    },
    "done": true
  },
  "farmersdelight:recipes/farmersdelight/organic_compost_from_rotten_flesh": {
    "criteria": {
      "has_rotten_flesh": "2024-08-24 02:06:51 +0000"
    },
    "done": true
  },
  "minecraft:adventure/kill_a_mob": {
    "criteria": {
      "minecraft:zombie": "2024-08-24 02:06:16 +0000"
    },
    "done": true
  },
  "minecraft:recipes/decorations/magenta_bed_from_white_bed": {
    "criteria": {
      "has_bed": "2024-08-24 02:03:07 +0000"
    },
    "done": true
  },
  "cgm:recipes/cgm/grenade": {
    "criteria": {
      "has_gunpowder": "2024-08-24 02:08:58 +0000"
    },
    "done": true
  },
  "railways:recipes/railways/dying_existing_cap_light_blue": {
    "criteria": {
      "hasitem": "2024-08-24 01:56:34 +0000"
    },
    "done": true
  },
  "minecraft:recipes/decorations/orange_bed_from_white_bed": {
    "criteria": {
      "has_bed": "2024-08-24 02:03:07 +0000"
    },
    "done": true
  },
  "railways:recipes/railways/dying_existing_cap_light_gray": {
    "criteria": {
      "hasitem": "2024-08-24 01:56:34 +0000"
    },
    "done": true
  },
  "railways:recipes/railways/dying_existing_cap_cyan": {
    "criteria": {
      "hasitem": "2024-08-24 01:56:34 +0000"
    },
    "done": true
  },
  "railways:recipes/railways/dying_existing_cap_magenta": {
    "criteria": {
      "hasitem": "2024-08-24 01:56:34 +0000"
    },
    "done": true
  },
  "cgm:recipes/cgm/missile": {
    "criteria": {
      "has_gunpowder": "2024-08-24 02:08:58 +0000"
    },
    "done": true
  },
  "minecraft:adventure/adventuring_time": {
    "criteria": {
      "minecraft:sparse_jungle": "2024-08-24 01:47:27 +0000",
      "minecraft:lukewarm_ocean": "2024-08-24 01:54:09 +0000"
    },
    "done": false
  },
  "minecraft:recipes/decorations/purple_bed_from_white_bed": {
    "criteria": {
      "has_bed": "2024-08-24 02:03:07 +0000"
    },
    "done": true
  },
  "railways:recipes/railways/dying_existing_cap_brown": {
    "criteria": {
      "hasitem": "2024-08-24 01:56:34 +0000"
    },
    "done": true
  },
  "minecraft:husbandry/root": {
    "criteria": {
      "consumed_item": "2024-08-24 01:53:10 +0000"
    },
    "done": true
  },
  "railways:recipes/railways/dying_existing_cap_green": {
    "criteria": {
      "hasitem": "2024-08-24 01:56:34 +0000"
    },
    "done": true
  },
  "minecraft:recipes/transportation/birch_boat": {
    "criteria": {
      "in_water": "2024-08-24 01:49:05 +0000"
    },
    "done": true
  },
  "minecraft:recipes/decorations/black_bed_from_white_bed": {
    "criteria": {
      "has_bed": "2024-08-24 02:03:07 +0000"
    },
    "done": true
  },
  "minecraft:recipes/transportation/mangrove_boat": {
    "criteria": {
      "in_water": "2024-08-24 01:49:05 +0000"
    },
    "done": true
  },
  "minecraft:recipes/transportation/acacia_boat": {
    "criteria": {
      "in_water": "2024-08-24 01:49:05 +0000"
    },
    "done": true
  },
  "cgm:recipes/cgm/advanced_bullet": {
    "criteria": {
      "has_gunpowder": "2024-08-24 02:08:58 +0000"
    },
    "done": true
  },
  "railways:recipes/railways/dying_existing_cap_white": {
    "criteria": {
      "hasitem": "2024-08-24 01:56:34 +0000"
    },
    "done": true
  },
  "minecraft:recipes/decorations/cyan_bed_from_white_bed": {
    "criteria": {
      "has_bed": "2024-08-24 02:03:07 +0000"
    },
    "done": true
  },
  "minecraft:adventure/root": {
    "criteria": {
      "killed_by_something": "2024-08-24 01:54:18 +0000"
    },
    "done": true
  },
  "minecraft:recipes/transportation/jungle_boat": {
    "criteria": {
      "in_water": "2024-08-24 01:49:05 +0000"
    },
    "done": true
  },
  "railways:recipes/railways/dying_existing_cap_pink": {
    "criteria": {
      "hasitem": "2024-08-24 01:56:34 +0000"
    },
    "done": true
  },
  "minecraft:recipes/transportation/spruce_boat": {
    "criteria": {
      "in_water": "2024-08-24 01:49:05 +0000"
    },
    "done": true
  },
  "minecraft:recipes/decorations/gray_bed_from_white_bed": {
    "criteria": {
      "has_bed": "2024-08-24 02:03:07 +0000"
    },
    "done": true
  },
  "minecraft:recipes/misc/firework_rocket_simple": {
    "criteria": {
      "has_gunpowder": "2024-08-24 02:08:58 +0000"
    },
    "done": true
  },
  "farmersdelight:main/root": {
    "criteria": {
      "seeds": "2024-08-24 01:53:07 +0000"
    },
    "done": true
  },
  "minecraft:recipes/decorations/lime_bed_from_white_bed": {
    "criteria": {
      "has_bed": "2024-08-24 02:03:07 +0000"
    },
    "done": true
  },
  "minecraft:recipes/transportation/dark_oak_boat": {
    "criteria": {
      "in_water": "2024-08-24 01:49:05 +0000"
    },
    "done": true
  },
  "minecraft:adventure/kill_all_mobs": {
    "criteria": {
      "minecraft:creeper": "2024-08-24 02:08:58 +0000",
      "minecraft:zombie": "2024-08-24 02:06:16 +0000"
    },
    "done": false
  },
  "minecraft:recipes/decorations/brown_bed_from_white_bed": {
    "criteria": {
      "has_bed": "2024-08-24 02:03:07 +0000"
    },
    "done": true
  },
  "minecraft:recipes/decorations/green_bed_from_white_bed": {
    "criteria": {
      "has_bed": "2024-08-24 02:03:07 +0000"
    },
    "done": true
  },
  "railways:recipes/railways/dying_existing_cap_blue": {
    "criteria": {
      "hasitem": "2024-08-24 01:56:34 +0000"
    },
    "done": true
  },
  "railways:recipes/railways/dying_existing_cap_yellow": {
    "criteria": {
      "hasitem": "2024-08-24 01:56:34 +0000"
    },
    "done": true
  },
  "farmersdelight:recipes/farmersdelight/cooking/dog_food": {
    "criteria": {
      "has_any_ingredient": "2024-08-24 02:06:51 +0000"
    },
    "done": true
  },
  "minecraft:husbandry/balanced_diet": {
    "criteria": {
      "bread": "2024-08-24 01:53:10 +0000"
    },
    "done": false
  },
  "cgm:recipes/cgm/basic_bullet": {
    "criteria": {
      "has_gunpowder": "2024-08-24 02:08:58 +0000"
    },
    "done": true
  },
  "minecraft:recipes/decorations/pink_bed_from_white_bed": {
    "criteria": {
      "has_bed": "2024-08-24 02:03:07 +0000"
    },
    "done": true
  },
  "railways:recipes/railways/dying_existing_cap_gray": {
    "criteria": {
      "hasitem": "2024-08-24 01:56:34 +0000"
    },
    "done": true
  },
  "minecraft:recipes/misc/iron_nugget_from_smelting": {
    "criteria": {
      "has_iron_sword": "2024-08-24 02:06:10 +0000"
    },
    "done": true
  },
  "minecraft:recipes/decorations/yellow_bed_from_white_bed": {
    "criteria": {
      "has_bed": "2024-08-24 02:03:07 +0000"
    },
    "done": true
  },
  "create:root": {
    "criteria": {
      "0": "2024-08-24 01:53:07 +0000"
    },
    "done": true
  },
  "cgm:recipes/cgm/stun_grenade": {
    "criteria": {
      "has_gunpowder": "2024-08-24 02:08:58 +0000"
    },
    "done": true
  },
  "railways:recipes/railways/dying_existing_cap_lime": {
    "criteria": {
      "hasitem": "2024-08-24 01:56:34 +0000"
    },
    "done": true
  },
  "railways:recipes/railways/dying_existing_cap_black": {
    "criteria": {
      "hasitem": "2024-08-24 01:56:34 +0000"
    },
    "done": true
  },
  "minecraft:recipes/decorations/red_bed_from_white_bed": {
    "criteria": {
      "has_bed": "2024-08-24 02:03:07 +0000"
    },
    "done": true
  },
  "railways:recipes/railways/crafting/conductor_whistle": {
    "criteria": {
      "has_item": "2024-08-24 01:56:34 +0000"
    },
    "done": true
  },
  "railways:recipes/railways/dying_existing_cap_purple": {
    "criteria": {
      "hasitem": "2024-08-24 01:56:34 +0000"
    },
    "done": true
  },
  "minecraft:recipes/transportation/oak_boat": {
    "criteria": {
      "in_water": "2024-08-24 01:49:05 +0000"
    },
    "done": true
  },
  "cgm:recipes/cgm/shell": {
    "criteria": {
      "has_gunpowder": "2024-08-24 02:08:58 +0000"
    },
    "done": true
  },
  "railways:recipes/railways/dying_existing_cap_orange": {
    "criteria": {
      "hasitem": "2024-08-24 01:56:34 +0000"
    },
    "done": true
  },
  "minecraft:recipes/decorations/blue_bed_from_white_bed": {
    "criteria": {
      "has_bed": "2024-08-24 02:03:07 +0000"
    },
    "done": true
  },
  "minecraft:recipes/decorations/light_gray_bed_from_white_bed": {
    "criteria": {
      "has_bed": "2024-08-24 02:03:07 +0000"
    },
    "done": true
  },
  "DataVersion": 3120
}