{
  "railways:recipes/railways_palettes/crafting/palettes/dyeing_1x/light_gray_plated_locometal": {
    "criteria": {
      "has_item": "2024-08-25 22:19:26 +0000"
    },
    "done": true
  },
  "railways:recipes/railways_palettes/crafting/palettes/dyeing_8x/cyan_plated_locometal": {
    "criteria": {
      "has_item": "2024-08-25 22:19:26 +0000"
    },
    "done": true
  },
  "farmersdelight:recipes/farmersdelight/organic_compost_from_rotten_flesh": {
    "criteria": {
      "has_rotten_flesh": "2024-08-24 02:06:51 +0000"
    },
    "done": true
  },
  "railways:recipes/railways/dying_existing_cap_magenta": {
    "criteria": {
      "hasitem": "2024-08-24 01:56:34 +0000"
    },
    "done": true
  },
  "railways:recipes/railways_palettes/crafting/palettes/dyeing_1x/pink_iron_wrapped_locometal": {
    "criteria": {
      "has_item": "2024-08-25 22:25:39 +0000"
    },
    "done": true
  },
  "railways:recipes/railways_palettes/crafting/palettes/dyeing_8x/black_flat_riveted_locometal": {
    "criteria": {
      "has_item": "2024-08-25 22:20:02 +0000"
    },
    "done": true
  },
  "minecraft:recipes/decorations/crafting_table": {
    "criteria": {
      "has_planks": "2024-08-25 22:30:55 +0000"
    },
    "done": true
  },
  "railways:recipes/railways_palettes/crafting/palettes/dyeing_1x/brown_iron_wrapped_locometal": {
    "criteria": {
      "has_item": "2024-08-25 22:25:39 +0000"
    },
    "done": true
  },
  "railways:recipes/railways_palettes/crafting/palettes/dyeing_1x/cyan_iron_wrapped_locometal_boiler": {
    "criteria": {
      "has_item": "2024-08-25 22:19:25 +0000"
    },
    "done": true
  },
  "railways:recipes/railways_palettes/crafting/palettes/dyeing_8x/light_gray_iron_wrapped_locometal_boiler": {
    "criteria": {
      "has_item": "2024-08-25 22:19:25 +0000"
    },
    "done": true
  },
  "railways:recipes/railways_palettes/crafting/palettes/dyeing_1x/magenta_iron_wrapped_locometal_boiler": {
    "criteria": {
      "has_item": "2024-08-25 22:19:24 +0000"
    },
    "done": true
  },
  "railways:recipes/railways_palettes/crafting/palettes/dyeing_1x/gray_riveted_locometal": {
    "criteria": {
      "has_item": "2024-08-25 22:19:59 +0000"
    },
    "done": true
  },
  "railways:recipes/railways_palettes/crafting/palettes/dyeing_8x/brown_riveted_locometal": {
    "criteria": {
      "has_item": "2024-08-25 22:19:59 +0000"
    },
    "done": true
  },
  "minecraft:recipes/decorations/chest": {
    "criteria": {
      "has_lots_of_items": "2024-08-25 21:53:26 +0000"
    },
    "done": true
  },
  "railways:recipes/railways_palettes/crafting/palettes/dyeing_8x/cyan_brass_wrapped_locometal": {
    "criteria": {
      "has_item": "2024-08-25 22:25:45 +0000"
    },
    "done": true
  },
  "minecraft:recipes/decorations/black_bed_from_white_bed": {
    "criteria": {
      "has_bed": "2024-08-24 02:03:07 +0000"
    },
    "done": true
  },
  "minecraft:recipes/transportation/mangrove_boat": {
    "criteria": {
      "in_water": "2024-08-24 01:49:05 +0000"
    },
    "done": true
  },
  "railways:recipes/railways_palettes/crafting/palettes/dyeing_1x/yellow_plated_locometal": {
    "criteria": {
      "has_item": "2024-08-25 22:19:26 +0000"
    },
    "done": true
  },
  "cgm:recipes/cgm/advanced_bullet": {
    "criteria": {
      "has_gunpowder": "2024-08-24 02:08:58 +0000"
    },
    "done": true
  },
  "railways:recipes/railways_palettes/crafting/palettes/dyeing_1x/cyan_flat_riveted_locometal": {
    "criteria": {
      "has_item": "2024-08-25 22:20:02 +0000"
    },
    "done": true
  },
  "railways:recipes/railways_palettes/crafting/palettes/dyeing_8x/black_plated_locometal": {
    "criteria": {
      "has_item": "2024-08-25 22:19:26 +0000"
    },
    "done": true
  },
  "cfm:recipes/cfm/oak_crate": {
    "criteria": {
      "has_planks": "2024-08-25 22:30:55 +0000"
    },
    "done": true
  },
  "railways:recipes/railways_palettes/crafting/palettes/dyeing_8x/red_brass_wrapped_locometal": {
    "criteria": {
      "has_item": "2024-08-25 22:25:45 +0000"
    },
    "done": true
  },
  "minecraft:recipes/misc/stick": {
    "criteria": {
      "has_planks": "2024-08-25 22:30:55 +0000"
    },
    "done": true
  },
  "create:recipes/create.palettes/small_granite_brick_stairs_from_stone_types_granite_stonecutting": {
    "criteria": {
      "has_stone_types_granite": "2024-08-25 22:16:37 +0000"
    },
    "done": true
  },
  "railways:recipes/railways/dying_existing_cap_pink": {
    "criteria": {
      "hasitem": "2024-08-24 01:56:34 +0000"
    },
    "done": true
  },
  "minecraft:recipes/transportation/spruce_boat": {
    "criteria": {
      "in_water": "2024-08-24 01:49:05 +0000"
    },
    "done": true
  },
  "railways:recipes/railways_palettes/crafting/palettes/dyeing_8x/red_iron_wrapped_locometal_boiler": {
    "criteria": {
      "has_item": "2024-08-25 22:19:24 +0000"
    },
    "done": true
  },
  "railways:recipes/railways_palettes/crafting/palettes/dyeing_1x/gray_iron_wrapped_locometal": {
    "criteria": {
      "has_item": "2024-08-25 22:25:39 +0000"
    },
    "done": true
  },
  "create:recipes/create.palettes/oak_window": {
    "criteria": {
      "has_ingredient": "2024-08-25 22:30:55 +0000"
    },
    "done": true
  },
  "minecraft:recipes/misc/firework_rocket_simple": {
    "criteria": {
      "has_gunpowder": "2024-08-24 02:08:58 +0000"
    },
    "done": true
  },
  "railways:recipes/railways_palettes/crafting/palettes/dyeing_8x/lime_brass_wrapped_locometal": {
    "criteria": {
      "has_item": "2024-08-25 22:25:45 +0000"
    },
    "done": true
  },
  "railways:recipes/railways_palettes/crafting/palettes/dyeing_1x/brown_iron_wrapped_locometal_boiler": {
    "criteria": {
      "has_item": "2024-08-25 22:19:24 +0000"
    },
    "done": true
  },
  "railways:recipes/railways_palettes/crafting/palettes/dyeing_1x/brown_brass_wrapped_locometal": {
    "criteria": {
      "has_item": "2024-08-25 22:25:45 +0000"
    },
    "done": true
  },
  "railways:recipes/railways_palettes/crafting/palettes/dyeing_1x/light_blue_flat_riveted_locometal": {
    "criteria": {
      "has_item": "2024-08-25 22:20:02 +0000"
    },
    "done": true
  },
  "minecraft:recipes/building_blocks/polished_granite_from_granite_stonecutting": {
    "criteria": {
      "has_granite": "2024-08-25 22:16:37 +0000"
    },
    "done": true
  },
  "cfm:recipes/cfm/oak_kitchen_counter": {
    "criteria": {
      "has_planks": "2024-08-25 22:30:55 +0000"
    },
    "done": true
  },
  "railways:recipes/railways_palettes/crafting/palettes/dyeing_1x/white_riveted_locometal": {
    "criteria": {
      "has_item": "2024-08-25 22:19:59 +0000"
    },
    "done": true
  },
  "railways:recipes/railways_palettes/crafting/palettes/dyeing_1x/blue_iron_wrapped_locometal": {
    "criteria": {
      "has_item": "2024-08-25 22:25:39 +0000"
    },
    "done": true
  },
  "minecraft:husbandry/balanced_diet": {
    "criteria": {
      "bread": "2024-08-24 01:53:10 +0000"
    },
    "done": false
  },
  "railways:recipes/railways_palettes/crafting/palettes/dyeing_1x/gray_flat_riveted_locometal": {
    "criteria": {
      "has_item": "2024-08-25 22:20:02 +0000"
    },
    "done": true
  },
  "railways:recipes/railways_palettes/crafting/palettes/dyeing_1x/light_blue_plated_locometal": {
    "criteria": {
      "has_item": "2024-08-25 22:19:26 +0000"
    },
    "done": true
  },
  "create:recipes/create.base/crafting/appliances/netherite_diving_boots_from_netherite": {
    "criteria": {
      "has_item": "2024-08-25 22:02:54 +0000"
    },
    "done": true
  },
  "railways:recipes/railways_palettes/crafting/palettes/dyeing_8x/purple_iron_wrapped_locometal_boiler": {
    "criteria": {
      "has_item": "2024-08-25 22:19:24 +0000"
    },
    "done": true
  },
  "railways:recipes/railways_palettes/crafting/palettes/dyeing_1x/lime_iron_wrapped_locometal": {
    "criteria": {
      "has_item": "2024-08-25 22:25:39 +0000"
    },
    "done": true
  },
  "cfm:recipes/cfm/oak_bedside_cabinet": {
    "criteria": {
      "has_planks": "2024-08-25 22:30:55 +0000"
    },
    "done": true
  },
  "railways:recipes/railways_palettes/crafting/palettes/dyeing_8x/orange_riveted_locometal": {
    "criteria": {
      "has_item": "2024-08-25 22:19:59 +0000"
    },
    "done": true
  },
  "cfm:recipes/cfm/oak_kitchen_sink_dark": {
    "criteria": {
      "has_bottom": "2024-08-25 22:30:55 +0000"
    },
    "done": true
  },
  "railways:recipes/railways_palettes/crafting/palettes/dyeing_1x/black_brass_wrapped_locometal": {
    "criteria": {
      "has_item": "2024-08-25 22:25:45 +0000"
    },
    "done": true
  },
  "railways:recipes/railways_palettes/crafting/palettes/dyeing_1x/pink_flat_riveted_locometal": {
    "criteria": {
      "has_item": "2024-08-25 22:20:02 +0000"
    },
    "done": true
  },
  "minecraft:recipes/decorations/yellow_bed_from_white_bed": {
    "criteria": {
      "has_bed": "2024-08-24 02:03:07 +0000"
    },
    "done": true
  },
  "railways:recipes/railways_palettes/crafting/palettes/dyeing_8x/pink_brass_wrapped_locometal": {
    "criteria": {
      "has_item": "2024-08-25 22:25:45 +0000"
    },
    "done": true
  },
  "railways:recipes/railways_palettes/crafting/palettes/dyeing_8x/red_riveted_locometal": {
    "criteria": {
      "has_item": "2024-08-25 22:19:59 +0000"
    },
    "done": true
  },
  "railways:recipes/railways/dying_existing_cap_black": {
    "criteria": {
      "hasitem": "2024-08-24 01:56:34 +0000"
    },
    "done": true
  },
  "minecraft:recipes/decorations/granite_wall": {
    "criteria": {
      "has_granite": "2024-08-25 22:16:37 +0000"
    },
    "done": true
  },
  "railways:recipes/railways_palettes/crafting/palettes/dyeing_1x/pink_iron_wrapped_locometal_boiler": {
    "criteria": {
      "has_item": "2024-08-25 22:19:24 +0000"
    },
    "done": true
  },
  "railways:recipes/railways_palettes/crafting/palettes/dyeing_1x/black_iron_wrapped_locometal_boiler": {
    "criteria": {
      "has_item": "2024-08-25 22:19:24 +0000"
    },
    "done": true
  },
  "railways:recipes/railways_palettes/crafting/palettes/dyeing_1x/purple_iron_wrapped_locometal_boiler": {
    "criteria": {
      "has_item": "2024-08-25 22:19:24 +0000"
    },
    "done": true
  },
  "railways:recipes/railways_palettes/crafting/palettes/dyeing_1x/blue_flat_riveted_locometal": {
    "criteria": {
      "has_item": "2024-08-25 22:20:02 +0000"
    },
    "done": true
  },
  "railways:recipes/railways_palettes/crafting/palettes/dyeing_1x/red_riveted_locometal": {
    "criteria": {
      "has_item": "2024-08-25 22:19:59 +0000"
    },
    "done": true
  },
  "minecraft:recipes/building_blocks/waxed_oxidized_cut_copper_slab_from_honeycomb": {
    "criteria": {
      "has_oxidized_cut_copper_slab": "2024-08-25 22:31:09 +0000"
    },
    "done": true
  },
  "railways:recipes/railways_palettes/crafting/palettes/dyeing_8x/light_blue_brass_wrapped_locometal": {
    "criteria": {
      "has_item": "2024-08-25 22:25:45 +0000"
    },
    "done": true
  },
  "railways:recipes/railways_palettes/crafting/palettes/dyeing_1x/purple_plated_locometal": {
    "criteria": {
      "has_item": "2024-08-25 22:19:26 +0000"
    },
    "done": true
  },
  "railways:recipes/railways_palettes/crafting/palettes/dyeing_1x/cyan_plated_locometal": {
    "criteria": {
      "has_item": "2024-08-25 22:19:26 +0000"
    },
    "done": true
  },
  "railways:recipes/railways_palettes/crafting/palettes/dyeing_8x/white_iron_wrapped_locometal_boiler": {
    "criteria": {
      "has_item": "2024-08-25 22:19:25 +0000"
    },
    "done": true
  },
  "railways:recipes/railways_palettes/crafting/palettes/dyeing_1x/red_plated_locometal": {
    "criteria": {
      "has_item": "2024-08-25 22:19:26 +0000"
    },
    "done": true
  },
  "railways:recipes/railways_palettes/crafting/palettes/dyeing_8x/black_iron_wrapped_locometal": {
    "criteria": {
      "has_item": "2024-08-25 22:25:39 +0000"
    },
    "done": true
  },
  "railways:recipes/railways/dying_existing_cap_orange": {
    "criteria": {
      "hasitem": "2024-08-24 01:56:34 +0000"
    },
    "done": true
  },
  "railways:recipes/railways_palettes/crafting/palettes/dyeing_8x/green_plated_locometal": {
    "criteria": {
      "has_item": "2024-08-25 22:19:26 +0000"
    },
    "done": true
  },
  "create:recipes/create.palettes/small_granite_brick_wall_from_stone_types_granite_stonecutting": {
    "criteria": {
      "has_stone_types_granite": "2024-08-25 22:16:37 +0000"
    },
    "done": true
  },
  "create:recipes/create.base/crafting/appliances/netherite_diving_helmet_from_netherite": {
    "criteria": {
      "has_item": "2024-08-25 22:02:51 +0000"
    },
    "done": true
  },
  "railways:recipes/railways_palettes/crafting/palettes/dyeing_1x/magenta_plated_locometal": {
    "criteria": {
      "has_item": "2024-08-25 22:19:26 +0000"
    },
    "done": true
  },
  "railways:recipes/railways_palettes/crafting/palettes/dyeing_1x/gray_iron_wrapped_locometal_boiler": {
    "criteria": {
      "has_item": "2024-08-25 22:19:25 +0000"
    },
    "done": true
  },
  "create:recipes/create.palettes/cut_granite_slab_from_stone_types_granite_stonecutting": {
    "criteria": {
      "has_stone_types_granite": "2024-08-25 22:16:37 +0000"
    },
    "done": true
  },
  "railways:recipes/railways_palettes/crafting/palettes/dyeing_1x/lime_brass_wrapped_locometal": {
    "criteria": {
      "has_item": "2024-08-25 22:25:45 +0000"
    },
    "done": true
  },
  "railways:recipes/railways_palettes/crafting/palettes/dyeing_8x/light_gray_flat_riveted_locometal": {
    "criteria": {
      "has_item": "2024-08-25 22:20:02 +0000"
    },
    "done": true
  },
  "railways:recipes/railways_palettes/crafting/palettes/dyeing_8x/green_iron_wrapped_locometal_boiler": {
    "criteria": {
      "has_item": "2024-08-25 22:19:25 +0000"
    },
    "done": true
  },
  "railways:recipes/railways_palettes/crafting/palettes/dyeing_1x/black_plated_locometal": {
    "criteria": {
      "has_item": "2024-08-25 22:19:26 +0000"
    },
    "done": true
  },
  "minecraft:recipes/redstone/tnt": {
    "criteria": {
      "has_gunpowder": "2024-08-24 02:08:58 +0000"
    },
    "done": true
  },
  "minecraft:recipes/redstone/oak_fence_gate": {
    "criteria": {
      "has_planks": "2024-08-25 22:30:55 +0000"
    },
    "done": true
  },
  "create:recipes/create.palettes/cut_granite_brick_wall_from_stone_types_granite_stonecutting": {
    "criteria": {
      "has_stone_types_granite": "2024-08-25 22:16:37 +0000"
    },
    "done": true
  },
  "railways:recipes/railways/dying_existing_cap_red": {
    "criteria": {
      "hasitem": "2024-08-24 01:56:34 +0000"
    },
    "done": true
  },
  "railways:recipes/railways_palettes/crafting/palettes/dyeing_1x/purple_brass_wrapped_locometal": {
    "criteria": {
      "has_item": "2024-08-25 22:25:45 +0000"
    },
    "done": true
  },
  "railways:recipes/railways_palettes/crafting/palettes/dyeing_8x/magenta_iron_wrapped_locometal": {
    "criteria": {
      "has_item": "2024-08-25 22:25:39 +0000"
    },
    "done": true
  },
  "minecraft:recipes/decorations/magenta_bed_from_white_bed": {
    "criteria": {
      "has_bed": "2024-08-24 02:03:07 +0000"
    },
    "done": true
  },
  "cgm:recipes/cgm/grenade": {
    "criteria": {
      "has_gunpowder": "2024-08-24 02:08:58 +0000"
    },
    "done": true
  },
  "create:recipes/create.palettes/polished_cut_granite_from_stone_types_granite_stonecutting": {
    "criteria": {
      "has_stone_types_granite": "2024-08-25 22:16:37 +0000"
    },
    "done": true
  },
  "railways:recipes/railways_palettes/crafting/palettes/dyeing_8x/black_riveted_locometal": {
    "criteria": {
      "has_item": "2024-08-25 22:19:59 +0000"
    },
    "done": true
  },
  "railways:recipes/railways_palettes/crafting/palettes/dyeing_1x/black_iron_wrapped_locometal": {
    "criteria": {
      "has_item": "2024-08-25 22:25:39 +0000"
    },
    "done": true
  },
  "minecraft:recipes/decorations/orange_bed_from_white_bed": {
    "criteria": {
      "has_bed": "2024-08-24 02:03:07 +0000"
    },
    "done": true
  },
  "railways:recipes/railways_palettes/crafting/palettes/dyeing_1x/gray_plated_locometal": {
    "criteria": {
      "has_item": "2024-08-25 22:19:26 +0000"
    },
    "done": true
  },
  "railways:recipes/railways_palettes/crafting/palettes/dyeing_8x/cyan_flat_riveted_locometal": {
    "criteria": {
      "has_item": "2024-08-25 22:20:02 +0000"
    },
    "done": true
  },
  "railways:recipes/railways_palettes/crafting/palettes/dyeing_8x/light_gray_iron_wrapped_locometal": {
    "criteria": {
      "has_item": "2024-08-25 22:25:39 +0000"
    },
    "done": true
  },
  "railways:recipes/railways_palettes/crafting/palettes/dyeing_8x/lime_iron_wrapped_locometal_boiler": {
    "criteria": {
      "has_item": "2024-08-25 22:19:24 +0000"
    },
    "done": true
  },
  "railways:recipes/railways_palettes/crafting/palettes/dyeing_1x/white_brass_wrapped_locometal": {
    "criteria": {
      "has_item": "2024-08-25 22:25:45 +0000"
    },
    "done": true
  },
  "railways:recipes/railways_palettes/crafting/palettes/dyeing_8x/brown_brass_wrapped_locometal": {
    "criteria": {
      "has_item": "2024-08-25 22:25:45 +0000"
    },
    "done": true
  },
  "railways:recipes/railways_palettes/crafting/palettes/dyeing_1x/yellow_brass_wrapped_locometal": {
    "criteria": {
      "has_item": "2024-08-25 22:25:45 +0000"
    },
    "done": true
  },
  "railways:recipes/railways_palettes/crafting/palettes/dyeing_1x/lime_flat_riveted_locometal": {
    "criteria": {
      "has_item": "2024-08-25 22:20:02 +0000"
    },
    "done": true
  },
  "railways:recipes/railways/dying_existing_cap_brown": {
    "criteria": {
      "hasitem": "2024-08-24 01:56:34 +0000"
    },
    "done": true
  },
  "minecraft:husbandry/root": {
    "criteria": {
      "consumed_item": "2024-08-24 01:53:10 +0000"
    },
    "done": true
  },
  "minecraft:recipes/transportation/birch_boat": {
    "criteria": {
      "in_water": "2024-08-24 01:49:05 +0000"
    },
    "done": true
  },
  "railways:recipes/railways_palettes/crafting/palettes/dyeing_8x/purple_plated_locometal": {
    "criteria": {
      "has_item": "2024-08-25 22:19:26 +0000"
    },
    "done": true
  },
  "railways:recipes/railways_palettes/crafting/palettes/dyeing_8x/cyan_iron_wrapped_locometal": {
    "criteria": {
      "has_item": "2024-08-25 22:25:39 +0000"
    },
    "done": true
  },
  "railways:recipes/railways_palettes/crafting/palettes/dyeing_1x/red_brass_wrapped_locometal": {
    "criteria": {
      "has_item": "2024-08-25 22:25:45 +0000"
    },
    "done": true
  },
  "railways:recipes/railways_palettes/crafting/palettes/dyeing_1x/light_gray_flat_riveted_locometal": {
    "criteria": {
      "has_item": "2024-08-25 22:20:02 +0000"
    },
    "done": true
  },
  "minecraft:recipes/building_blocks/oak_stairs": {
    "criteria": {
      "has_planks": "2024-08-25 22:30:55 +0000"
    },
    "done": true
  },
  "minecraft:recipes/building_blocks/polished_granite_slab_from_granite_stonecutting": {
    "criteria": {
      "has_granite": "2024-08-25 22:16:37 +0000"
    },
    "done": true
  },
  "cfm:recipes/cfm/oak_kitchen_drawer": {
    "criteria": {
      "has_planks": "2024-08-25 22:30:55 +0000"
    },
    "done": true
  },
  "minecraft:recipes/transportation/acacia_boat": {
    "criteria": {
      "in_water": "2024-08-24 01:49:05 +0000"
    },
    "done": true
  },
  "railways:recipes/railways_palettes/crafting/palettes/dyeing_8x/pink_plated_locometal": {
    "criteria": {
      "has_item": "2024-08-25 22:19:26 +0000"
    },
    "done": true
  },
  "railways:recipes/railways_palettes/crafting/palettes/dyeing_1x/orange_brass_wrapped_locometal": {
    "criteria": {
      "has_item": "2024-08-25 22:25:45 +0000"
    },
    "done": true
  },
  "railways:recipes/railways_palettes/crafting/palettes/dyeing_8x/white_riveted_locometal": {
    "criteria": {
      "has_item": "2024-08-25 22:19:59 +0000"
    },
    "done": true
  },
  "railways:recipes/railways_palettes/stonecutting/palettes/cycling/black_locometal_pillar": {
    "criteria": {
      "has_item": "2024-08-25 22:19:55 +0000"
    },
    "done": true
  },
  "minecraft:recipes/decorations/cyan_bed_from_white_bed": {
    "criteria": {
      "has_bed": "2024-08-24 02:03:07 +0000"
    },
    "done": true
  },
  "minecraft:adventure/root": {
    "criteria": {
      "killed_by_something": "2024-08-24 01:54:18 +0000"
    },
    "done": true
  },
  "railways:recipes/railways_palettes/crafting/palettes/dyeing_8x/magenta_flat_riveted_locometal": {
    "criteria": {
      "has_item": "2024-08-25 22:20:02 +0000"
    },
    "done": true
  },
  "railways:recipes/railways_palettes/crafting/palettes/dyeing_8x/lime_plated_locometal": {
    "criteria": {
      "has_item": "2024-08-25 22:19:26 +0000"
    },
    "done": true
  },
  "railways:recipes/railways_palettes/crafting/palettes/dyeing_8x/blue_brass_wrapped_locometal": {
    "criteria": {
      "has_item": "2024-08-25 22:25:45 +0000"
    },
    "done": true
  },
  "minecraft:recipes/decorations/gray_bed_from_white_bed": {
    "criteria": {
      "has_bed": "2024-08-24 02:03:07 +0000"
    },
    "done": true
  },
  "railways:recipes/railways_palettes/crafting/palettes/dyeing_1x/orange_plated_locometal": {
    "criteria": {
      "has_item": "2024-08-25 22:19:26 +0000"
    },
    "done": true
  },
  "railways:recipes/railways_palettes/crafting/palettes/dyeing_8x/white_plated_locometal": {
    "criteria": {
      "has_item": "2024-08-25 22:19:26 +0000"
    },
    "done": true
  },
  "farmersdelight:main/root": {
    "criteria": {
      "seeds": "2024-08-24 01:53:07 +0000"
    },
    "done": true
  },
  "railways:recipes/railways_palettes/crafting/palettes/dyeing_1x/white_iron_wrapped_locometal_boiler": {
    "criteria": {
      "has_item": "2024-08-25 22:19:25 +0000"
    },
    "done": true
  },
  "minecraft:recipes/decorations/lime_bed_from_white_bed": {
    "criteria": {
      "has_bed": "2024-08-24 02:03:07 +0000"
    },
    "done": true
  },
  "create:recipes/building_blocks/granite_from_stone_types_granite_stonecutting": {
    "criteria": {
      "has_stone_types_granite": "2024-08-25 22:16:37 +0000"
    },
    "done": true
  },
  "mcwwindows:recipes/parapets": {
    "criteria": {
      "has_wood": "2024-08-25 22:30:55 +0000"
    },
    "done": true
  },
  "railways:recipes/railways_palettes/crafting/palettes/dyeing_1x/light_blue_iron_wrapped_locometal": {
    "criteria": {
      "has_item": "2024-08-25 22:25:39 +0000"
    },
    "done": true
  },
  "railways:recipes/railways_palettes/crafting/palettes/dyeing_8x/light_blue_riveted_locometal": {
    "criteria": {
      "has_item": "2024-08-25 22:19:59 +0000"
    },
    "done": true
  },
  "minecraft:adventure/kill_all_mobs": {
    "criteria": {
      "minecraft:creeper": "2024-08-24 02:08:58 +0000",
      "minecraft:zombie": "2024-08-24 02:06:16 +0000"
    },
    "done": false
  },
  "railways:recipes/railways_palettes/stonecutting/palettes/cycling/black_locometal_smokebox": {
    "criteria": {
      "has_item": "2024-08-25 22:19:55 +0000"
    },
    "done": true
  },
  "minecraft:recipes/decorations/green_bed_from_white_bed": {
    "criteria": {
      "has_bed": "2024-08-24 02:03:07 +0000"
    },
    "done": true
  },
  "railways:recipes/railways_palettes/crafting/palettes/dyeing_1x/blue_riveted_locometal": {
    "criteria": {
      "has_item": "2024-08-25 22:19:59 +0000"
    },
    "done": true
  },
  "create:recipes/create.palettes/small_granite_bricks_from_stone_types_granite_stonecutting": {
    "criteria": {
      "has_stone_types_granite": "2024-08-25 22:16:37 +0000"
    },
    "done": true
  },
  "farmersdelight:recipes/farmersdelight/cooking/dog_food": {
    "criteria": {
      "has_any_ingredient": "2024-08-24 02:06:51 +0000"
    },
    "done": true
  },
  "minecraft:recipes/building_blocks/granite_slab": {
    "criteria": {
      "has_granite": "2024-08-25 22:16:37 +0000"
    },
    "done": true
  },
  "minecraft:recipes/decorations/pink_bed_from_white_bed": {
    "criteria": {
      "has_bed": "2024-08-24 02:03:07 +0000"
    },
    "done": true
  },
  "railways:recipes/railways_palettes/crafting/palettes/dyeing_1x/cyan_iron_wrapped_locometal": {
    "criteria": {
      "has_item": "2024-08-25 22:25:39 +0000"
    },
    "done": true
  },
  "minecraft:recipes/misc/iron_nugget_from_smelting": {
    "criteria": {
      "has_iron_sword": "2024-08-24 02:06:10 +0000"
    },
    "done": true
  },
  "railways:recipes/railways_palettes/crafting/palettes/dyeing_8x/magenta_iron_wrapped_locometal_boiler": {
    "criteria": {
      "has_item": "2024-08-25 22:19:25 +0000"
    },
    "done": true
  },
  "railways:recipes/railways_palettes/crafting/palettes/dyeing_1x/lime_plated_locometal": {
    "criteria": {
      "has_item": "2024-08-25 22:19:26 +0000"
    },
    "done": true
  },
  "railways:recipes/railways_palettes/crafting/palettes/dyeing_1x/light_blue_riveted_locometal": {
    "criteria": {
      "has_item": "2024-08-25 22:19:59 +0000"
    },
    "done": true
  },
  "minecraft:recipes/decorations/granite_wall_from_granite_stonecutting": {
    "criteria": {
      "has_granite": "2024-08-25 22:16:37 +0000"
    },
    "done": true
  },
  "create:root": {
    "criteria": {
      "0": "2024-08-24 01:53:07 +0000"
    },
    "done": true
  },
  "cgm:recipes/cgm/stun_grenade": {
    "criteria": {
      "has_gunpowder": "2024-08-24 02:08:58 +0000"
    },
    "done": true
  },
  "railways:recipes/railways/dying_existing_cap_lime": {
    "criteria": {
      "hasitem": "2024-08-24 01:56:34 +0000"
    },
    "done": true
  },
  "railways:recipes/railways_palettes/crafting/palettes/dyeing_1x/pink_plated_locometal": {
    "criteria": {
      "has_item": "2024-08-25 22:19:26 +0000"
    },
    "done": true
  },
  "create:recipes/create.palettes/polished_cut_granite_slab_from_stone_types_granite_stonecutting": {
    "criteria": {
      "has_stone_types_granite": "2024-08-25 22:16:37 +0000"
    },
    "done": true
  },
  "railways:recipes/railways_palettes/crafting/palettes/dyeing_1x/green_riveted_locometal": {
    "criteria": {
      "has_item": "2024-08-25 22:19:59 +0000"
    },
    "done": true
  },
  "create:recipes/create.palettes/layered_granite_from_stone_types_granite_stonecutting": {
    "criteria": {
      "has_stone_types_granite": "2024-08-25 22:16:37 +0000"
    },
    "done": true
  },
  "minecraft:recipes/building_blocks/polished_granite_stairs_from_granite_stonecutting": {
    "criteria": {
      "has_granite": "2024-08-25 22:16:37 +0000"
    },
    "done": true
  },
  "railways:recipes/railways/crafting/conductor_whistle": {
    "criteria": {
      "has_item": "2024-08-24 01:56:34 +0000"
    },
    "done": true
  },
  "railways:recipes/railways/dying_existing_cap_purple": {
    "criteria": {
      "hasitem": "2024-08-24 01:56:34 +0000"
    },
    "done": true
  },
  "minecraft:recipes/decorations/oak_fence": {
    "criteria": {
      "has_planks": "2024-08-25 22:30:55 +0000"
    },
    "done": true
  },
  "minecraft:recipes/transportation/oak_boat": {
    "criteria": {
      "in_water": "2024-08-24 01:49:05 +0000"
    },
    "done": true
  },
  "ags_day_counter:firts_day_advancement": {
    "criteria": {
      "firts_day_advancement": "2024-08-25 21:52:37 +0000"
    },
    "done": true
  },
  "railways:recipes/railways_palettes/crafting/palettes/dyeing_1x/cyan_brass_wrapped_locometal": {
    "criteria": {
      "has_item": "2024-08-25 22:25:45 +0000"
    },
    "done": true
  },
  "minecraft:recipes/decorations/blue_bed_from_white_bed": {
    "criteria": {
      "has_bed": "2024-08-24 02:03:07 +0000"
    },
    "done": true
  },
  "railways:recipes/railways_palettes/crafting/palettes/dyeing_1x/magenta_riveted_locometal": {
    "criteria": {
      "has_item": "2024-08-25 22:19:59 +0000"
    },
    "done": true
  },
  "minecraft:recipes/building_blocks/oak_slab": {
    "criteria": {
      "has_planks": "2024-08-25 22:30:55 +0000"
    },
    "done": true
  },
  "chipped:recipes/glassblower": {
    "criteria": {
      "has_glassblower": "2024-08-25 22:27:25 +0000"
    },
    "done": true
  },
  "railways:recipes/railways_palettes/crafting/palettes/dyeing_1x/light_gray_iron_wrapped_locometal": {
    "criteria": {
      "has_item": "2024-08-25 22:25:39 +0000"
    },
    "done": true
  },
  "mcwwindows:recipes/granite": {
    "criteria": {
      "has_wood": "2024-08-25 22:16:37 +0000"
    },
    "done": true
  },
  "cfm:recipes/cfm/oak_park_bench": {
    "criteria": {
      "has_planks": "2024-08-25 22:30:55 +0000"
    },
    "done": true
  },
  "railways:recipes/railways_palettes/crafting/palettes/dyeing_8x/magenta_plated_locometal": {
    "criteria": {
      "has_item": "2024-08-25 22:19:26 +0000"
    },
    "done": true
  },
  "chipped:recipes/botanist_workbench": {
    "criteria": {
      "has_botanist_workbench": "2024-08-25 22:27:29 +0000"
    },
    "done": true
  },
  "minecraft:recipes/building_blocks/granite_stairs": {
    "criteria": {
      "has_granite": "2024-08-25 22:16:37 +0000"
    },
    "done": true
  },
  "railways:recipes/railways_palettes/crafting/palettes/dyeing_1x/purple_iron_wrapped_locometal": {
    "criteria": {
      "has_item": "2024-08-25 22:25:39 +0000"
    },
    "done": true
  },
  "railways:recipes/railways_palettes/crafting/palettes/dyeing_8x/gray_brass_wrapped_locometal": {
    "criteria": {
      "has_item": "2024-08-25 22:25:45 +0000"
    },
    "done": true
  },
  "railways:recipes/railways_palettes/crafting/palettes/dyeing_8x/lime_iron_wrapped_locometal": {
    "criteria": {
      "has_item": "2024-08-25 22:25:39 +0000"
    },
    "done": true
  },
  "framedblocks:recipes/framed_blocks/framed_cube": {
    "criteria": {
      "hasPlanks": "2024-08-25 22:30:55 +0000"
    },
    "done": true
  },
  "railways:recipes/railways/dying_existing_cap_light_blue": {
    "criteria": {
      "hasitem": "2024-08-24 01:56:34 +0000"
    },
    "done": true
  },
  "railways:recipes/railways_palettes/crafting/palettes/dyeing_1x/red_iron_wrapped_locometal_boiler": {
    "criteria": {
      "has_item": "2024-08-25 22:19:25 +0000"
    },
    "done": true
  },
  "create:recipes/create.palettes/small_granite_brick_slab_from_stone_types_granite_stonecutting": {
    "criteria": {
      "has_stone_types_granite": "2024-08-25 22:16:37 +0000"
    },
    "done": true
  },
  "railways:recipes/railways/dying_existing_cap_light_gray": {
    "criteria": {
      "hasitem": "2024-08-24 01:56:34 +0000"
    },
    "done": true
  },
  "create:recipes/create.palettes/cut_granite_brick_slab_from_stone_types_granite_stonecutting": {
    "criteria": {
      "has_stone_types_granite": "2024-08-25 22:16:37 +0000"
    },
    "done": true
  },
  "create:recipes/create.palettes/cut_granite_stairs_from_stone_types_granite_stonecutting": {
    "criteria": {
      "has_stone_types_granite": "2024-08-25 22:16:37 +0000"
    },
    "done": true
  },
  "railways:recipes/railways_palettes/crafting/palettes/dyeing_1x/orange_flat_riveted_locometal": {
    "criteria": {
      "has_item": "2024-08-25 22:20:02 +0000"
    },
    "done": true
  },
  "railways:recipes/railways_palettes/stonecutting/palettes/cycling/black_flat_riveted_locometal": {
    "criteria": {
      "has_item": "2024-08-25 22:19:55 +0000"
    },
    "done": true
  },
  "railways:recipes/railways_palettes/crafting/palettes/dyeing_1x/brown_riveted_locometal": {
    "criteria": {
      "has_item": "2024-08-25 22:19:59 +0000"
    },
    "done": true
  },
  "mcwwindows:recipes/blinds": {
    "criteria": {
      "has_wood": "2024-08-25 22:30:55 +0000",
      "has_the_recipe": "2024-08-25 22:30:55 +0000"
    },
    "done": true
  },
  "railways:recipes/railways_palettes/crafting/palettes/dyeing_8x/blue_flat_riveted_locometal": {
    "criteria": {
      "has_item": "2024-08-25 22:20:02 +0000"
    },
    "done": true
  },
  "railways:recipes/railways_palettes/crafting/palettes/dyeing_8x/lime_flat_riveted_locometal": {
    "criteria": {
      "has_item": "2024-08-25 22:20:02 +0000"
    },
    "done": true
  },
  "railways:recipes/railways_palettes/crafting/palettes/dyeing_8x/light_blue_iron_wrapped_locometal_boiler": {
    "criteria": {
      "has_item": "2024-08-25 22:19:25 +0000"
    },
    "done": true
  },
  "railways:recipes/railways_palettes/crafting/palettes/dyeing_1x/purple_flat_riveted_locometal": {
    "criteria": {
      "has_item": "2024-08-25 22:20:02 +0000"
    },
    "done": true
  },
  "railways:recipes/railways_palettes/crafting/palettes/dyeing_8x/red_plated_locometal": {
    "criteria": {
      "has_item": "2024-08-25 22:19:26 +0000"
    },
    "done": true
  },
  "railways:recipes/railways_palettes/crafting/palettes/dyeing_1x/yellow_iron_wrapped_locometal": {
    "criteria": {
      "has_item": "2024-08-25 22:25:39 +0000"
    },
    "done": true
  },
  "railways:recipes/railways_palettes/crafting/palettes/dyeing_1x/light_blue_brass_wrapped_locometal": {
    "criteria": {
      "has_item": "2024-08-25 22:25:45 +0000"
    },
    "done": true
  },
  "railways:recipes/railways_palettes/crafting/palettes/dyeing_8x/red_iron_wrapped_locometal": {
    "criteria": {
      "has_item": "2024-08-25 22:25:39 +0000"
    },
    "done": true
  },
  "railways:recipes/railways_palettes/crafting/palettes/dyeing_8x/magenta_brass_wrapped_locometal": {
    "criteria": {
      "has_item": "2024-08-25 22:25:45 +0000"
    },
    "done": true
  },
  "railways:recipes/railways/dying_existing_cap_green": {
    "criteria": {
      "hasitem": "2024-08-24 01:56:34 +0000"
    },
    "done": true
  },
  "railways:recipes/railways_palettes/crafting/palettes/dyeing_8x/pink_riveted_locometal": {
    "criteria": {
      "has_item": "2024-08-25 22:19:59 +0000"
    },
    "done": true
  },
  "railways:recipes/railways_palettes/crafting/palettes/dyeing_8x/yellow_iron_wrapped_locometal": {
    "criteria": {
      "has_item": "2024-08-25 22:25:39 +0000"
    },
    "done": true
  },
  "railways:recipes/railways_palettes/crafting/palettes/dyeing_8x/red_flat_riveted_locometal": {
    "criteria": {
      "has_item": "2024-08-25 22:20:02 +0000"
    },
    "done": true
  },
  "railways:recipes/railways_palettes/stonecutting/palettes/cycling/black_plated_locometal": {
    "criteria": {
      "has_item": "2024-08-25 22:19:55 +0000"
    },
    "done": true
  },
  "cfm:recipes/cfm/oak_chair": {
    "criteria": {
      "has_planks": "2024-08-25 22:30:55 +0000"
    },
    "done": true
  },
  "railways:recipes/railways_palettes/crafting/palettes/dyeing_1x/cyan_riveted_locometal": {
    "criteria": {
      "has_item": "2024-08-25 22:19:59 +0000"
    },
    "done": true
  },
  "create:recipes/create.base/crafting/appliances/netherite_backtank_from_netherite": {
    "criteria": {
      "has_item": "2024-08-25 22:02:52 +0000"
    },
    "done": true
  },
  "railways:recipes/railways/dying_existing_cap_white": {
    "criteria": {
      "hasitem": "2024-08-24 01:56:34 +0000"
    },
    "done": true
  },
  "railways:recipes/railways_palettes/stonecutting/palettes/cycling/flat_riveted_locometal": {
    "criteria": {
      "has_item": "2024-08-25 22:19:26 +0000"
    },
    "done": true
  },
  "create:recipes/create.palettes/cut_granite_from_stone_types_granite_stonecutting": {
    "criteria": {
      "has_stone_types_granite": "2024-08-25 22:16:37 +0000"
    },
    "done": true
  },
  "railways:recipes/railways_palettes/crafting/palettes/dyeing_1x/purple_riveted_locometal": {
    "criteria": {
      "has_item": "2024-08-25 22:19:59 +0000"
    },
    "done": true
  },
  "railways:recipes/railways_palettes/crafting/palettes/dyeing_8x/purple_riveted_locometal": {
    "criteria": {
      "has_item": "2024-08-25 22:19:59 +0000"
    },
    "done": true
  },
  "railways:recipes/railways_palettes/crafting/palettes/dyeing_8x/cyan_iron_wrapped_locometal_boiler": {
    "criteria": {
      "has_item": "2024-08-25 22:19:24 +0000"
    },
    "done": true
  },
  "railways:recipes/railways_palettes/crafting/palettes/dyeing_8x/purple_iron_wrapped_locometal": {
    "criteria": {
      "has_item": "2024-08-25 22:25:39 +0000"
    },
    "done": true
  },
  "railways:recipes/railways_palettes/crafting/palettes/dyeing_8x/gray_iron_wrapped_locometal": {
    "criteria": {
      "has_item": "2024-08-25 22:25:39 +0000"
    },
    "done": true
  },
  "railways:recipes/railways_palettes/crafting/palettes/dyeing_1x/green_iron_wrapped_locometal": {
    "criteria": {
      "has_item": "2024-08-25 22:25:39 +0000"
    },
    "done": true
  },
  "railways:recipes/railways_palettes/crafting/palettes/dyeing_8x/pink_flat_riveted_locometal": {
    "criteria": {
      "has_item": "2024-08-25 22:20:02 +0000"
    },
    "done": true
  },
  "railways:recipes/railways_palettes/crafting/palettes/dyeing_8x/lime_riveted_locometal": {
    "criteria": {
      "has_item": "2024-08-25 22:19:59 +0000"
    },
    "done": true
  },
  "railways:recipes/railways_palettes/stonecutting/palettes/cycling/locometal_pillar": {
    "criteria": {
      "has_item": "2024-08-25 22:19:26 +0000"
    },
    "done": true
  },
  "railways:recipes/railways_palettes/crafting/palettes/dyeing_8x/purple_flat_riveted_locometal": {
    "criteria": {
      "has_item": "2024-08-25 22:20:02 +0000"
    },
    "done": true
  },
  "railways:recipes/railways_palettes/crafting/palettes/dyeing_8x/pink_iron_wrapped_locometal_boiler": {
    "criteria": {
      "has_item": "2024-08-25 22:19:24 +0000"
    },
    "done": true
  },
  "minecraft:recipes/building_blocks/granite_slab_from_granite_stonecutting": {
    "criteria": {
      "has_granite": "2024-08-25 22:16:37 +0000"
    },
    "done": true
  },
  "railways:recipes/railways_palettes/crafting/palettes/dyeing_1x/light_gray_riveted_locometal": {
    "criteria": {
      "has_item": "2024-08-25 22:19:59 +0000"
    },
    "done": true
  },
  "ags_day_counter:day_counter_root_advancement": {
    "criteria": {
      "day_counter_root_advancement": "2024-08-25 21:41:22 +0000"
    },
    "done": true
  },
  "railways:recipes/railways_palettes/crafting/palettes/dyeing_8x/pink_iron_wrapped_locometal": {
    "criteria": {
      "has_item": "2024-08-25 22:25:39 +0000"
    },
    "done": true
  },
  "railways:recipes/railways_palettes/crafting/palettes/dyeing_8x/white_brass_wrapped_locometal": {
    "criteria": {
      "has_item": "2024-08-25 22:25:45 +0000"
    },
    "done": true
  },
  "railways:recipes/railways/dying_existing_cap_blue": {
    "criteria": {
      "hasitem": "2024-08-24 01:56:34 +0000"
    },
    "done": true
  },
  "create:recipes/create.palettes/polished_cut_granite_wall_from_stone_types_granite_stonecutting": {
    "criteria": {
      "has_stone_types_granite": "2024-08-25 22:16:37 +0000"
    },
    "done": true
  },
  "cfm:recipes/cfm/oak_table": {
    "criteria": {
      "has_planks": "2024-08-25 22:30:55 +0000"
    },
    "done": true
  },
  "railways:recipes/railways_palettes/crafting/palettes/dyeing_1x/blue_brass_wrapped_locometal": {
    "criteria": {
      "has_item": "2024-08-25 22:25:45 +0000"
    },
    "done": true
  },
  "railways:recipes/railways_palettes/crafting/palettes/dyeing_1x/pink_riveted_locometal": {
    "criteria": {
      "has_item": "2024-08-25 22:19:59 +0000"
    },
    "done": true
  },
  "cgm:recipes/cgm/basic_bullet": {
    "criteria": {
      "has_gunpowder": "2024-08-24 02:08:58 +0000"
    },
    "done": true
  },
  "railways:recipes/railways_palettes/crafting/palettes/dyeing_8x/gray_iron_wrapped_locometal_boiler": {
    "criteria": {
      "has_item": "2024-08-25 22:19:24 +0000"
    },
    "done": true
  },
  "railways:recipes/railways_palettes/crafting/palettes/dyeing_8x/cyan_riveted_locometal": {
    "criteria": {
      "has_item": "2024-08-25 22:19:59 +0000"
    },
    "done": true
  },
  "railways:recipes/railways_palettes/crafting/palettes/dyeing_8x/blue_plated_locometal": {
    "criteria": {
      "has_item": "2024-08-25 22:19:26 +0000"
    },
    "done": true
  },
  "railways:recipes/railways/dying_existing_cap_gray": {
    "criteria": {
      "hasitem": "2024-08-24 01:56:34 +0000"
    },
    "done": true
  },
  "railways:recipes/railways_palettes/stonecutting/palettes/cycling/plated_locometal": {
    "criteria": {
      "has_item": "2024-08-25 22:19:26 +0000"
    },
    "done": true
  },
  "railways:recipes/railways_palettes/crafting/palettes/dyeing_1x/pink_brass_wrapped_locometal": {
    "criteria": {
      "has_item": "2024-08-25 22:25:45 +0000"
    },
    "done": true
  },
  "minecraft:recipes/redstone/oak_pressure_plate": {
    "criteria": {
      "has_planks": "2024-08-25 22:30:55 +0000"
    },
    "done": true
  },
  "mcwwindows:recipes/shutters": {
    "criteria": {
      "has_wood": "2024-08-25 22:30:55 +0000"
    },
    "done": true
  },
  "railways:recipes/railways_palettes/crafting/palettes/dyeing_8x/yellow_iron_wrapped_locometal_boiler": {
    "criteria": {
      "has_item": "2024-08-25 22:19:24 +0000"
    },
    "done": true
  },
  "railways:recipes/railways_palettes/crafting/palettes/dyeing_8x/blue_riveted_locometal": {
    "criteria": {
      "has_item": "2024-08-25 22:19:59 +0000"
    },
    "done": true
  },
  "railways:recipes/railways_palettes/crafting/palettes/dyeing_8x/purple_brass_wrapped_locometal": {
    "criteria": {
      "has_item": "2024-08-25 22:25:45 +0000"
    },
    "done": true
  },
  "cfm:recipes/cfm/oak_desk": {
    "criteria": {
      "has_planks": "2024-08-25 22:30:55 +0000"
    },
    "done": true
  },
  "securitycraft:recipes/securitycraft/laser_block": {
    "criteria": {
      "has_stone": "2024-08-25 22:16:37 +0000"
    },
    "done": true
  },
  "railways:recipes/railways_palettes/crafting/palettes/dyeing_1x/lime_iron_wrapped_locometal_boiler": {
    "criteria": {
      "has_item": "2024-08-25 22:19:24 +0000"
    },
    "done": true
  },
  "railways:recipes/railways_palettes/stonecutting/palettes/cycling/slashed_locometal": {
    "criteria": {
      "has_item": "2024-08-25 22:19:26 +0000"
    },
    "done": true
  },
  "railways:recipes/railways_palettes/crafting/palettes/dyeing_8x/orange_plated_locometal": {
    "criteria": {
      "has_item": "2024-08-25 22:19:26 +0000"
    },
    "done": true
  },
  "railways:recipes/railways_palettes/stonecutting/palettes/cycling/black_slashed_locometal": {
    "criteria": {
      "has_item": "2024-08-25 22:19:55 +0000"
    },
    "done": true
  },
  "railways:recipes/railways_palettes/crafting/palettes/dyeing_1x/orange_iron_wrapped_locometal": {
    "criteria": {
      "has_item": "2024-08-25 22:25:39 +0000"
    },
    "done": true
  },
  "railways:recipes/railways_palettes/crafting/palettes/dyeing_8x/blue_iron_wrapped_locometal": {
    "criteria": {
      "has_item": "2024-08-25 22:25:39 +0000"
    },
    "done": true
  },
  "cgm:recipes/cgm/shell": {
    "criteria": {
      "has_gunpowder": "2024-08-24 02:08:58 +0000"
    },
    "done": true
  },
  "railways:recipes/railways_palettes/crafting/palettes/dyeing_1x/black_flat_riveted_locometal": {
    "criteria": {
      "has_item": "2024-08-25 22:20:02 +0000"
    },
    "done": true
  },
  "railways:recipes/railways_palettes/crafting/palettes/dyeing_8x/gray_flat_riveted_locometal": {
    "criteria": {
      "has_item": "2024-08-25 22:20:02 +0000"
    },
    "done": true
  },
  "minecraft:recipes/decorations/oak_sign": {
    "criteria": {
      "has_planks": "2024-08-25 22:30:55 +0000"
    },
    "done": true
  },
  "railways:recipes/railways_palettes/crafting/palettes/dyeing_1x/yellow_flat_riveted_locometal": {
    "criteria": {
      "has_item": "2024-08-25 22:20:02 +0000"
    },
    "done": true
  },
  "minecraft:recipes/redstone/oak_trapdoor": {
    "criteria": {
      "has_planks": "2024-08-25 22:30:55 +0000"
    },
    "done": true
  },
  "minecraft:recipes/building_blocks/granite_stairs_from_granite_stonecutting": {
    "criteria": {
      "has_granite": "2024-08-25 22:16:37 +0000"
    },
    "done": true
  },
  "railways:recipes/railways_palettes/crafting/palettes/dyeing_1x/blue_plated_locometal": {
    "criteria": {
      "has_item": "2024-08-25 22:19:26 +0000"
    },
    "done": true
  },
  "railways:recipes/railways_palettes/crafting/palettes/dyeing_8x/light_blue_iron_wrapped_locometal": {
    "criteria": {
      "has_item": "2024-08-25 22:25:39 +0000"
    },
    "done": true
  },
  "railways:recipes/railways_palettes/crafting/palettes/dyeing_1x/white_plated_locometal": {
    "criteria": {
      "has_item": "2024-08-25 22:19:26 +0000"
    },
    "done": true
  },
  "railways:recipes/railways_palettes/crafting/palettes/dyeing_8x/gray_plated_locometal": {
    "criteria": {
      "has_item": "2024-08-25 22:19:26 +0000"
    },
    "done": true
  },
  "railways:recipes/railways_palettes/crafting/palettes/dyeing_8x/yellow_brass_wrapped_locometal": {
    "criteria": {
      "has_item": "2024-08-25 22:25:45 +0000"
    },
    "done": true
  },
  "minecraft:recipes/decorations/light_blue_bed_from_white_bed": {
    "criteria": {
      "has_bed": "2024-08-24 02:03:07 +0000"
    },
    "done": true
  },
  "minecraft:recipes/misc/iron_nugget_from_blasting": {
    "criteria": {
      "has_iron_sword": "2024-08-24 02:06:10 +0000"
    },
    "done": true
  },
  "railways:recipes/railways_palettes/stonecutting/palettes/cycling/black_flat_slashed_locometal": {
    "criteria": {
      "has_item": "2024-08-25 22:19:55 +0000"
    },
    "done": true
  },
  "railways:recipes/railways_palettes/crafting/palettes/dyeing_8x/blue_iron_wrapped_locometal_boiler": {
    "criteria": {
      "has_item": "2024-08-25 22:19:24 +0000"
    },
    "done": true
  },
  "minecraft:adventure/kill_a_mob": {
    "criteria": {
      "minecraft:zombie": "2024-08-24 02:06:16 +0000"
    },
    "done": true
  },
  "create:recipes/create.palettes/granite_pillar_from_stone_types_granite_stonecutting": {
    "criteria": {
      "has_stone_types_granite": "2024-08-25 22:16:37 +0000"
    },
    "done": true
  },
  "minecraft:recipes/redstone/oak_button": {
    "criteria": {
      "has_planks": "2024-08-25 22:30:55 +0000"
    },
    "done": true
  },
  "railways:recipes/railways_palettes/crafting/palettes/dyeing_1x/light_blue_iron_wrapped_locometal_boiler": {
    "criteria": {
      "has_item": "2024-08-25 22:19:24 +0000"
    },
    "done": true
  },
  "cfm:recipes/cfm/oak_cabinet": {
    "criteria": {
      "has_planks": "2024-08-25 22:30:55 +0000"
    },
    "done": true
  },
  "railways:recipes/railways_palettes/crafting/palettes/dyeing_1x/blue_iron_wrapped_locometal_boiler": {
    "criteria": {
      "has_item": "2024-08-25 22:19:25 +0000"
    },
    "done": true
  },
  "railways:recipes/railways_palettes/crafting/palettes/dyeing_1x/gray_brass_wrapped_locometal": {
    "criteria": {
      "has_item": "2024-08-25 22:25:45 +0000"
    },
    "done": true
  },
  "railways:recipes/railways_palettes/crafting/palettes/dyeing_8x/magenta_riveted_locometal": {
    "criteria": {
      "has_item": "2024-08-25 22:19:59 +0000"
    },
    "done": true
  },
  "railways:recipes/railways_palettes/crafting/palettes/dyeing_8x/orange_brass_wrapped_locometal": {
    "criteria": {
      "has_item": "2024-08-25 22:25:45 +0000"
    },
    "done": true
  },
  "railways:recipes/railways/dying_existing_cap_cyan": {
    "criteria": {
      "hasitem": "2024-08-24 01:56:34 +0000"
    },
    "done": true
  },
  "railways:recipes/railways_palettes/crafting/palettes/dyeing_1x/orange_riveted_locometal": {
    "criteria": {
      "has_item": "2024-08-25 22:19:59 +0000"
    },
    "done": true
  },
  "railways:recipes/railways_palettes/crafting/palettes/dyeing_1x/green_iron_wrapped_locometal_boiler": {
    "criteria": {
      "has_item": "2024-08-25 22:19:25 +0000"
    },
    "done": true
  },
  "cgm:recipes/cgm/missile": {
    "criteria": {
      "has_gunpowder": "2024-08-24 02:08:58 +0000"
    },
    "done": true
  },
  "railways:recipes/railways_palettes/crafting/palettes/dyeing_1x/green_brass_wrapped_locometal": {
    "criteria": {
      "has_item": "2024-08-25 22:25:45 +0000"
    },
    "done": true
  },
  "minecraft:adventure/adventuring_time": {
    "criteria": {
      "minecraft:sparse_jungle": "2024-08-24 01:47:27 +0000",
      "minecraft:lukewarm_ocean": "2024-08-24 01:54:09 +0000",
      "minecraft:river": "2024-08-25 22:04:14 +0000",
      "minecraft:deep_lukewarm_ocean": "2024-08-25 21:43:38 +0000",
      "minecraft:old_growth_birch_forest": "2024-08-25 21:42:49 +0000"
    },
    "done": false
  },
  "minecraft:recipes/decorations/purple_bed_from_white_bed": {
    "criteria": {
      "has_bed": "2024-08-24 02:03:07 +0000"
    },
    "done": true
  },
  "railways:recipes/railways_palettes/crafting/palettes/dyeing_8x/light_gray_plated_locometal": {
    "criteria": {
      "has_item": "2024-08-25 22:19:26 +0000"
    },
    "done": true
  },
  "railways:recipes/railways_palettes/crafting/palettes/dyeing_1x/light_gray_iron_wrapped_locometal_boiler": {
    "criteria": {
      "has_item": "2024-08-25 22:19:24 +0000"
    },
    "done": true
  },
  "railways:recipes/railways_palettes/crafting/palettes/dyeing_1x/magenta_iron_wrapped_locometal": {
    "criteria": {
      "has_item": "2024-08-25 22:25:39 +0000"
    },
    "done": true
  },
  "railways:recipes/railways_palettes/crafting/palettes/dyeing_8x/light_blue_flat_riveted_locometal": {
    "criteria": {
      "has_item": "2024-08-25 22:20:02 +0000"
    },
    "done": true
  },
  "railways:recipes/railways_palettes/crafting/palettes/dyeing_1x/yellow_iron_wrapped_locometal_boiler": {
    "criteria": {
      "has_item": "2024-08-25 22:19:24 +0000"
    },
    "done": true
  },
  "railways:recipes/railways_palettes/crafting/palettes/dyeing_1x/light_gray_brass_wrapped_locometal": {
    "criteria": {
      "has_item": "2024-08-25 22:25:45 +0000"
    },
    "done": true
  },
  "railways:recipes/railways_palettes/crafting/palettes/dyeing_8x/orange_iron_wrapped_locometal_boiler": {
    "criteria": {
      "has_item": "2024-08-25 22:19:25 +0000"
    },
    "done": true
  },
  "railways:recipes/railways_palettes/crafting/palettes/dyeing_8x/brown_plated_locometal": {
    "criteria": {
      "has_item": "2024-08-25 22:19:26 +0000"
    },
    "done": true
  },
  "railways:recipes/railways_palettes/crafting/palettes/dyeing_8x/light_blue_plated_locometal": {
    "criteria": {
      "has_item": "2024-08-25 22:19:26 +0000"
    },
    "done": true
  },
  "railways:recipes/railways_palettes/crafting/palettes/dyeing_1x/magenta_flat_riveted_locometal": {
    "criteria": {
      "has_item": "2024-08-25 22:20:02 +0000"
    },
    "done": true
  },
  "minecraft:recipes/decorations/barrel": {
    "criteria": {
      "has_planks": "2024-08-25 22:30:55 +0000"
    },
    "done": true
  },
  "cfm:recipes/cfm/oak_desk_cabinet": {
    "criteria": {
      "has_planks": "2024-08-25 22:30:55 +0000"
    },
    "done": true
  },
  "minecraft:recipes/redstone/oak_door": {
    "criteria": {
      "has_planks": "2024-08-25 22:30:55 +0000"
    },
    "done": true
  },
  "railways:recipes/railways_palettes/crafting/palettes/dyeing_8x/yellow_riveted_locometal": {
    "criteria": {
      "has_item": "2024-08-25 22:19:59 +0000"
    },
    "done": true
  },
  "railways:recipes/railways_palettes/crafting/palettes/dyeing_8x/green_iron_wrapped_locometal": {
    "criteria": {
      "has_item": "2024-08-25 22:25:39 +0000"
    },
    "done": true
  },
  "railways:recipes/railways_palettes/crafting/palettes/dyeing_1x/lime_riveted_locometal": {
    "criteria": {
      "has_item": "2024-08-25 22:19:59 +0000"
    },
    "done": true
  },
  "minecraft:recipes/transportation/jungle_boat": {
    "criteria": {
      "in_water": "2024-08-24 01:49:05 +0000"
    },
    "done": true
  },
  "railways:recipes/railways_palettes/crafting/palettes/dyeing_1x/green_flat_riveted_locometal": {
    "criteria": {
      "has_item": "2024-08-25 22:20:02 +0000"
    },
    "done": true
  },
  "create:recipes/create.palettes/cut_granite_bricks_from_stone_types_granite_stonecutting": {
    "criteria": {
      "has_stone_types_granite": "2024-08-25 22:16:37 +0000"
    },
    "done": true
  },
  "railways:recipes/railways_palettes/crafting/palettes/dyeing_1x/black_riveted_locometal": {
    "criteria": {
      "has_item": "2024-08-25 22:19:59 +0000"
    },
    "done": true
  },
  "railways:recipes/railways_palettes/crafting/palettes/dyeing_8x/light_gray_brass_wrapped_locometal": {
    "criteria": {
      "has_item": "2024-08-25 22:25:45 +0000"
    },
    "done": true
  },
  "minecraft:nether/netherite_armor": {
    "criteria": {
      "netherite_armor": "2024-08-25 22:02:54 +0000"
    },
    "done": true
  },
  "railways:recipes/railways_palettes/crafting/palettes/dyeing_1x/white_iron_wrapped_locometal": {
    "criteria": {
      "has_item": "2024-08-25 22:25:39 +0000"
    },
    "done": true
  },
  "railways:recipes/railways_palettes/crafting/palettes/dyeing_1x/yellow_riveted_locometal": {
    "criteria": {
      "has_item": "2024-08-25 22:19:59 +0000"
    },
    "done": true
  },
  "minecraft:recipes/transportation/dark_oak_boat": {
    "criteria": {
      "in_water": "2024-08-24 01:49:05 +0000"
    },
    "done": true
  },
  "create:recipes/create.palettes/polished_cut_granite_stairs_from_stone_types_granite_stonecutting": {
    "criteria": {
      "has_stone_types_granite": "2024-08-25 22:16:37 +0000"
    },
    "done": true
  },
  "railways:recipes/railways_palettes/crafting/palettes/dyeing_8x/brown_iron_wrapped_locometal": {
    "criteria": {
      "has_item": "2024-08-25 22:25:39 +0000"
    },
    "done": true
  },
  "railways:recipes/railways_palettes/crafting/palettes/dyeing_1x/red_iron_wrapped_locometal": {
    "criteria": {
      "has_item": "2024-08-25 22:25:39 +0000"
    },
    "done": true
  },
  "railways:recipes/railways_palettes/stonecutting/palettes/cycling/riveted_locometal": {
    "criteria": {
      "has_item": "2024-08-25 22:19:26 +0000"
    },
    "done": true
  },
  "railways:recipes/railways_palettes/crafting/palettes/dyeing_8x/white_flat_riveted_locometal": {
    "criteria": {
      "has_item": "2024-08-25 22:20:02 +0000"
    },
    "done": true
  },
  "minecraft:recipes/decorations/brown_bed_from_white_bed": {
    "criteria": {
      "has_bed": "2024-08-24 02:03:07 +0000"
    },
    "done": true
  },
  "railways:recipes/railways_palettes/crafting/palettes/dyeing_8x/light_gray_riveted_locometal": {
    "criteria": {
      "has_item": "2024-08-25 22:19:59 +0000"
    },
    "done": true
  },
  "railways:recipes/railways/dying_existing_cap_yellow": {
    "criteria": {
      "hasitem": "2024-08-24 01:56:34 +0000"
    },
    "done": true
  },
  "railways:recipes/railways_palettes/crafting/palettes/dyeing_8x/gray_riveted_locometal": {
    "criteria": {
      "has_item": "2024-08-25 22:19:59 +0000"
    },
    "done": true
  },
  "railways:recipes/railways_palettes/stonecutting/palettes/cycling/black_riveted_locometal": {
    "criteria": {
      "has_item": "2024-08-25 22:19:55 +0000"
    },
    "done": true
  },
  "create:recipes/create.palettes/cut_granite_wall_from_stone_types_granite_stonecutting": {
    "criteria": {
      "has_stone_types_granite": "2024-08-25 22:16:37 +0000"
    },
    "done": true
  },
  "railways:recipes/railways_palettes/crafting/palettes/dyeing_8x/green_riveted_locometal": {
    "criteria": {
      "has_item": "2024-08-25 22:19:59 +0000"
    },
    "done": true
  },
  "minecraft:recipes/building_blocks/polished_granite": {
    "criteria": {
      "has_granite": "2024-08-25 22:16:37 +0000"
    },
    "done": true
  },
  "railways:recipes/railways_palettes/crafting/palettes/dyeing_8x/brown_flat_riveted_locometal": {
    "criteria": {
      "has_item": "2024-08-25 22:20:02 +0000"
    },
    "done": true
  },
  "railways:recipes/railways_palettes/crafting/palettes/dyeing_1x/red_flat_riveted_locometal": {
    "criteria": {
      "has_item": "2024-08-25 22:20:02 +0000"
    },
    "done": true
  },
  "railways:recipes/railways_palettes/crafting/palettes/dyeing_8x/white_iron_wrapped_locometal": {
    "criteria": {
      "has_item": "2024-08-25 22:25:39 +0000"
    },
    "done": true
  },
  "railways:recipes/railways_palettes/crafting/palettes/dyeing_8x/orange_iron_wrapped_locometal": {
    "criteria": {
      "has_item": "2024-08-25 22:25:39 +0000"
    },
    "done": true
  },
  "railways:recipes/railways_palettes/crafting/palettes/dyeing_1x/white_flat_riveted_locometal": {
    "criteria": {
      "has_item": "2024-08-25 22:20:02 +0000"
    },
    "done": true
  },
  "railways:recipes/railways_palettes/crafting/palettes/dyeing_1x/green_plated_locometal": {
    "criteria": {
      "has_item": "2024-08-25 22:19:26 +0000"
    },
    "done": true
  },
  "railways:recipes/railways_palettes/crafting/palettes/dyeing_8x/green_flat_riveted_locometal": {
    "criteria": {
      "has_item": "2024-08-25 22:20:02 +0000"
    },
    "done": true
  },
  "railways:recipes/railways_palettes/crafting/palettes/dyeing_1x/magenta_brass_wrapped_locometal": {
    "criteria": {
      "has_item": "2024-08-25 22:25:45 +0000"
    },
    "done": true
  },
  "railways:recipes/railways_palettes/crafting/palettes/dyeing_1x/orange_iron_wrapped_locometal_boiler": {
    "criteria": {
      "has_item": "2024-08-25 22:19:24 +0000"
    },
    "done": true
  },
  "railways:recipes/railways_palettes/crafting/palettes/dyeing_8x/black_brass_wrapped_locometal": {
    "criteria": {
      "has_item": "2024-08-25 22:25:45 +0000"
    },
    "done": true
  },
  "railways:recipes/railways_palettes/crafting/palettes/dyeing_8x/brown_iron_wrapped_locometal_boiler": {
    "criteria": {
      "has_item": "2024-08-25 22:19:25 +0000"
    },
    "done": true
  },
  "railways:recipes/railways_palettes/crafting/palettes/dyeing_8x/yellow_plated_locometal": {
    "criteria": {
      "has_item": "2024-08-25 22:19:26 +0000"
    },
    "done": true
  },
  "railways:recipes/railways_palettes/stonecutting/palettes/cycling/flat_slashed_locometal": {
    "criteria": {
      "has_item": "2024-08-25 22:19:26 +0000"
    },
    "done": true
  },
  "minecraft:recipes/decorations/red_bed_from_white_bed": {
    "criteria": {
      "has_bed": "2024-08-24 02:03:07 +0000"
    },
    "done": true
  },
  "railways:recipes/railways_palettes/crafting/palettes/dyeing_8x/orange_flat_riveted_locometal": {
    "criteria": {
      "has_item": "2024-08-25 22:20:02 +0000"
    },
    "done": true
  },
  "railways:recipes/railways_palettes/crafting/palettes/dyeing_8x/yellow_flat_riveted_locometal": {
    "criteria": {
      "has_item": "2024-08-25 22:20:02 +0000"
    },
    "done": true
  },
  "railways:recipes/railways_palettes/crafting/palettes/dyeing_8x/black_iron_wrapped_locometal_boiler": {
    "criteria": {
      "has_item": "2024-08-25 22:19:24 +0000"
    },
    "done": true
  },
  "railways:recipes/railways_palettes/crafting/palettes/dyeing_1x/brown_plated_locometal": {
    "criteria": {
      "has_item": "2024-08-25 22:19:26 +0000"
    },
    "done": true
  },
  "railways:recipes/railways_palettes/crafting/palettes/dyeing_1x/brown_flat_riveted_locometal": {
    "criteria": {
      "has_item": "2024-08-25 22:20:02 +0000"
    },
    "done": true
  },
  "railways:recipes/railways_palettes/crafting/palettes/dyeing_8x/green_brass_wrapped_locometal": {
    "criteria": {
      "has_item": "2024-08-25 22:25:45 +0000"
    },
    "done": true
  },
  "minecraft:recipes/decorations/light_gray_bed_from_white_bed": {
    "criteria": {
      "has_bed": "2024-08-24 02:03:07 +0000"
    },
    "done": true
  },
  "create:recipes/create.palettes/cut_granite_brick_stairs_from_stone_types_granite_stonecutting": {
    "criteria": {
      "has_stone_types_granite": "2024-08-25 22:16:37 +0000"
    },
    "done": true
  },
  "railways:recipes/railways_palettes/stonecutting/palettes/cycling/locometal_smokebox": {
    "criteria": {
      "has_item": "2024-08-25 22:19:26 +0000"
    },
    "done": true
  },
  "cfm:recipes/cfm/oak_kitchen_sink_light": {
    "criteria": {
      "has_bottom": "2024-08-25 22:30:55 +0000"
    },
    "done": true
  },
  "cfm:recipes/cfm/oak_coffee_table": {
    "criteria": {
      "has_planks": "2024-08-25 22:30:55 +0000"
    },
    "done": true
  },
  "DataVersion": 3120
}